id,name,folderId
EP-1-57,EP - 1 - 57,10BEd0dorbC8fSa_iN1bnZzvTrmDzDHr0
EP-58-111,EP - 58 - 111,1DfVTmneAgbYKnGXAaVZb9qsxIUEMcFlH
EP-112-169,EP - 112 - 169,12Hk_vTILiacMQh5QSKlS5B1PFEHm-AO2
EP-170-225,EP - 170 - 225,1tHXhcOmXIErm2-c8BxGwT8GViCQhAGxt
EP-226-270,EP - 226 - 270,1ZyYqyHPV4Z5vUAlKpzYvEZJ3FZtgg7rh
EP-271-312,EP - 271 - 312,1ayl6uKF2O8rhw_53sk6kIU3g43Ssp2wf
EP-313-352,EP - 313 - 352,1pBCIwI-COhdM-2MxzZvbPjwQyDIEz-vZ
EP-353-390,EP - 353 - 390,1flm8yVXujJaBWoYq9ugb-3ntMJBJBGl2
EP-391-433,EP - 391 - 433,1gsgjSuPJNY9ZSbnJgkWgOjp08scudIbu
EP-434-483,EP - 437 - 483,1cMKk4SyV6Zs3VRuivfSWMof-Zan1GApd
EP-484-540,EP - 484 - 540,1jgC5eABmWS3fkv7yXN_gs2vwde0l71uk
EP-541-595,EP - 541 - 595,1xu9d6G9pVPxOax1wScunSRn35LVJATns
EP-596-647,EP - 596 - 647,1FPoQT4Rp1B15MlNeOttYIJ5FIM9JqVaB
EP-648-698,EP - 648 - 698,18FuEAKJnZA6O9wyVUYxJNdZN3dRrrv9v
EP-699-745,EP - 699 - 745,1UafbmOzCDsqS6U9H2YpTCjkr-nCrEXqW
EP-746-800,EP - 746 - 800,1GFMzRr3uu_M0BAEKGYSj74JhuFOPvzjV
EP-781-783,EP - 781 - 783,1U-2l2iTpLjau1B4jE90_JeWcQwudFk8S
EP-801-850,EP - 801 - 850,12qplmRlEKRGgzhFTYywXs35UbqZyU9wV
EP-851-890,EP - 851 - 890,15vyl53fUDYaEbG2RcF3mJtdB83h2r-rx
EP-891-927,EP - 891 - 927,1LE9SUszzonj_k1kK2KG5uBy7bnNdLcRp
EP-928-960,EP - 928 - 960,1ry714fgDjEkbu_Q6KB9y0ce6Mfj27Wcj
EP-961-990,EP - 961 - 990,1ozPQ0XDMQid3CSF1Z31fbcB98ojFsjqk
EP-991-1022,EP - 991 - 1022,19ZJezRqaboTW7SmW5AMz8j7FU9lF4IUG
EP-1023-1055,EP - 1023 - 1055,156y3DxdfEhWj-RU0whTbjC5uqIS4x-8w
EP-1056-1089,EP - 1056 - 1089,1X4dbo9UymRs97cBLT4VRNckE24_s2yTD
EP-1090-1117,EP - 1090 - 1117,1LugaImKqbQJbEjl3j1JOMH_kN4h3bBXr
EP-215-590,EP - 215 & 590,14-yxlSi0udDDu4JMv_eZBIOE6EUKx-I9
Movies1,Movies-1,1PUORwahQrimReb0wZU_hNjOrRcsHRU83
Movies2,Movies-2,1Uzc8EJrzzCn_1mjx33CX07NE9yv8I80T