id,episodeName,fileId
1,EP - 1,1vpo7CFD53vS-cXD2vf59zXKKUdIO9FgN
2,EP - 2,1uTgrZ6eJhPB1W0U-pGcsgZmYTpYYS4DL
3,EP - 3,1hxLq5WV-hn1gvXaxOk3VRT9lWQ4iMEgk
4,EP - 4,1sGWOYzdapim4hKlVcCIJfAsNQ0NO1i1L
5,EP - 5,1zSe1fnFpqPm4adcBYL5dbSqaEgKFBM95
6,EP - 6,10hRqiOJ6_5zhHI0zpe069uVLn674Qazu
7,EP - 7,17_sXNxr3E6PIV0jyiexSGahm65TdZFSa
8,EP - 8,111qqGIuBhm0vjnWsB3VOOgdfH22jchsx
9,EP - 9,1KXGrDffkp0SJ9061dFvTTRRK-NKPxOc6
10,EP - 10,1oOE6ouCLcnb0tA1nWNz9FsVeCkRt-YTz
11,EP - 11,1XO-45wYWFotg5rtIgjYWrREbSPa8wxvg
12,EP - 12,1uyMIWl9S5dliu1-3i8ERM2sfLXwP7hWd
13,EP - 13,1jyLxaPFPhe2d4821mHNl_OjguTnaZqxP
14,EP - 14,1wZ6cGXAQNQNtDKroK2__f_PJdciOyS1O
15,EP - 15,1yJUebXg7JofkPO--v7lTzh11M_iAr5tq
16,EP - 16,1D2Z7k_ZJYJPOqLfm05ZylYtm7Rwu2bs9
17,EP - 17,18bK_MdY6YIkpY_70tGiqLW-1cvq9JOLq
18,EP - 18,1IDdTJE6DAc-vqyx-mCvcefx2exgj36OM
19,EP - 19,1ODykeVvIkP2bO4a83yMDa8Yqp5-HeU3M
20,EP - 20,1i91w73Bmj8KNtbp1sVWYPiM-fn1GIPwp
21,EP - 21,1DXmuUz0Zyo8WXIJC7NzrHiQyKWHcASj_
22,EP - 22,1mJ_n5pMsbUiXMFgXFxeuloMtD6VANBTt
23,EP - 23,1e-2ErDu8qmtM5v96mdOLJrAe6j2JeF_8
24,EP - 24,10-DCIyQHedV_OQHJzCvjWB7uQAJ-N1LQ
25,EP - 25,1aq58iNhPMIuHkYmFbGl-9hOEqMblSXp_
26,EP - 26,1qgGENSyqKNcP92P2aY5RJEZViYQrWD-w
27,EP - 27,1ed1B05K_D2r_PKIp51qDy_Le5JvGZbm5
28,EP - 28,1teOSqkLhJeWtOL73ojjPK5X557Ervn3a
29,EP - 29,12sMeYGpR5o7jP57Vtw1sKxSZjhyd780O
30,EP - 30,1WanH_hG0HCm1LfaLGrGjO5TdaiRSQghz
31,EP - 31,1qGrCAtxe60iQONrQb4GOjmIRl3YtcPfm
32,EP - 32,1Gi-tKlECJcfeICKiQ18L9Vm77FEP4nUw
33,EP - 33,1bYxUH0RyvOutonaNPce8DhAUnp1UOuOJ
34,EP - 34,17_tMD66IxMMeEML7SM7cgjHiLBSUBdEH
35,EP - 35,1pu7fsAA_92wMNH2M2fr7qRc6ohmV98we
36,EP - 36,11bVbmYDhFE0ATtjUkYqYloEHngIp9Zu2
37,EP - 37,1FO__r532W8zg9d7gINB0jOHJfi0V9hhf
38,EP - 38,1ynlaLSlkvacwsdc8ehTcGDPWIxeSiRQ_
39,EP - 39,1kc5FLE5I-CEtvsQfFK1OBrPfkG8kRrsx
40,EP - 40,17X8G-sroDPEliGDRE_bOwxmETCcldyUa
41,EP - 41,1oUC8ROg7MY7PXehFrxxBtM9E0Qmm23Iy
42,EP - 42,18l6rGgXrzHbvYT3K9Dohl-OuHg-OD4mL
43,EP - 43,1jWfZy2bp_RlWOfXaQkK6DgTOxmfAJi_d
44,EP - 44,1LTBbGGw9Xa4-tA5q0TDPS-RhJShZudyM
45,EP - 45,15XYBvN7RWHMDCWwbSFBmNIDS4pqRP2DB
46,EP - 46,1slczkHnorQaHgnF-Psa88uxvLAVFqJ2F
47,EP - 47,1-qPfvJ16m2kdpDajlNSKyqRFjBjacuWQ
48,EP - 48,1japj10bpBVhTtiMZ6XwF6pDwn_UGHs8Y
49,EP - 49,1ZZUVRxRvznPzJ0IVB5K5le9ziTCc6fLj
50,EP - 50,1OeFWpWu3nmSniOgbm7vw7mbfID7LNc8a
51,EP - 51,1iLgJdUyCOH1933_d7Uoo7Qtof289KiyO
52,EP - 52,1TlQUfBDmtaw4Tg_D_6d2zmlYh1UsVXir
53,EP - 53,1lSyAeTdnYRXjsX8-32XaxNHiFU61hpf9
54,EP - 54,1JV3MnpAK2bnaWHF-MfR6UhkmpS5ZHJt4
55,EP - 55,1WsGjKHNlHOG8MUzHHUmLRDZ3yzIOhz9y
56,EP - 56,14EjRqk-ghNKS3PltOmo70BBa8q7mOEm4
57,EP - 57,1BjX3GMZkKgL1Tuei4IwcVUAFBvOqeCmt
58,EP - 58,1E2SpuyGUGjuQzi5erF0w8xH9Fpkpwz4S
59,EP - 59,1cD6-XUYYy6lIOvvFQeZANwhCM_eg3B3D
60,EP - 60,16AZkag9b2Uvgwk12oPK854x2dcOHdQFo
61,EP - 61,1yv2FQ2n4JnhZv1uJ6jVkYTFdnE5LneNw
62,EP - 62,134Ubo-ReRW1WN8f7C9UDpXb0UUTSXyZ6
63,EP - 63,1e0Hn7nTBDNV-2xQmDRCwRvkAVlmUluc2
64,EP - 64,1NaVf7tyi0MEzrSujabFXtrQ6ki3ojhbk
65,EP - 65,1ASVeqQf-NDaECjHPxh35mC2LfIXB8-KW
66,EP - 66,1hMepSdlH0de96RbbRfGexB7OLGlL0qag
67,EP - 67,1gH498akuNtG5EWiNuAs5To0w6O5erovP
68,EP - 68,1t7U4Q6VPtU2gT0OhXUV9QCpRBcbyFHue
69,EP - 69,1nNJ-kXj-bUg8Fn7kOQf5OM7Gf72qhibO
70,EP - 70,1I9wI91IL_NfKoyZaNb4lXrS3VckvwGw0
71,EP - 71,1oo9WlQzercDDw4QVIfrtj8Y3PuPWPRMS
72,EP - 72,1WHg8CeIEdJFwCS6d38cSaKh3lIPs5q5G
73,EP - 73,1G50rvcDihd8Qem9Iceym4dUN665rbq9I
74,EP - 74,1536t_2tblJiy38-QmdfpQxtNYawJsWNs
75,EP - 75,1XF3kxTCC3qubbvW1fTlUPtT7o14ASxuo
76,EP - 76,1SfFIXWh2ptqCZL7A4XoJiISiURdxpvWP
77,EP - 77,1603CIkyv9zzb7578eAPdVPdU6J5pVrE0
78,EP - 78,1A40b0GVclnmoR7taoF0RHBETuh1fWNjC
79,EP - 79,1R8-gszKVfWdsL6Yva1nfrT_8HpFTNmHo
80,EP - 80,1wC81q0TpuRFI5tpLwD73nktl3XPDN_04
81,EP - 81,1zEtJZigNSwpF5kypHpcpBA_Ro4ZFI3T8
82,EP - 82,1Jr2n2K-cTmmNECe0CpJNlsBaVNtqdfq7
83,EP - 83,1Pgl3RAI9Ka3hggFx7jW__OaBLuSoQ6M5
84,EP - 84,1eW4L4McRxGd75ZdJUwLbygI3Y2dkh_0m
85,EP - 85,1DWwD-rEa-35HHlmxi4oiXqXugy3ZiMXK
86,EP - 86,1HWo9cnRR2L6NtK-JqGeehgxc1Wbz0-3u
87,EP - 87,17LVlqwmxfkJL9EoZ8A_LTjRVPCoognUC
88,EP - 88,1FiDkDv5HTcFHJvXJ2Mbf7eq5GX1AwllI
89,EP - 89,1hEcfDYZWgMkHw8D_-s3wyH1xWU_IcNQO
90,EP - 90,1EqFR_OGgBpPRed7d5acwPt8rfDK8grDY
91,EP - 91,1nZcDCWrKYmR1TwoS15SAo5zxZUHp0N3J
92,EP - 92,1P44rBQ4tDrKCoNkYgZgknk3zG_tnb9gw
93,EP - 93,1JAZney2p98BF-xrH_1WGoYNxFx-d2tMn
94,EP - 94,1NR99bc5XVh4rOHhMQ9od-KufctAnLXpZ
95,EP - 95,1m6buYfmUQo4CVWwjt5TqBIEs61eAf8uo
96,EP - 96,1sgAHPSTk_zMnGbVD6cjjaYSrM6QT4eC1
97,EP - 97,1e31rGL1JXsuIcizMsk8JEt1c_oV2CBP5
98,EP - 98,13-cI9KMH5zgrA3sbDBVjfXqNDS26qx-c
99,EP - 99,1RNSZyg0NAOH8qWdquZ98bgWsP776rg_D
100,EP - 100,1ElR4JeuttSTCK2VtH5hs6RCaa_hIip0o
101,EP - 101,15l9EvMTQPuAmFh-gCVyTxibj1huA_F6U
102,EP - 102,1vBMGo6eMH9sKlLCdId3n5K3KpfDJo9fQ
103,EP - 103,1b-IV7u864ARcVoZ86acPXyIPYa7Zh3i0
104,EP - 104,1R7QomZUd8S2DuYmAGX1qGaNBF3RUtTuu
105,EP - 105,19harPbQMM7Ra4SbDNLIdlxwk6yWlJ5Ol
106,EP - 106,1yIJywlhintOsVdIfCBHoCqegMkpl8iTm
107,EP - 107,1TLeT41WQ6cBkY9gzgrBPz7aq_g-GR-kU
108,EP - 108,1M2h1APggOTeUaGbVNxiBmfimPsXgpzNk
109,EP - 109,12qHeAqKLQJVpzaxIOAi9LyLVCKzl6sFP
110,EP - 110,1eq-1ovKTZfmkDVxQ4bhujtA07Q90nA6J
111,EP - 111,1zHtTYpiLuOyRHVq7T22pm_3wINiGdQa_
112,EP - 112,1Xfn3BmclbYabkkemU_eQ5UE5duar6zH6
113,EP - 113,14N7XX-9_3GGYBf3PFmDM22vP9qJ3JcfA
114,EP - 114,1Bm4ZxOcT_gPOD4GNG6Klq7IZIzaHAw_d
115,EP - 115,1nzM0RUHtXWiHNB1Ek9rYEO0YjdVtcqc1
116,EP - 116,1FWk-85CeEOC4fAD3vOZEX-7oNVswhUNO
117,EP - 117,1Zn7M0D5p82CV2YT2pCjAiS6JJu5Stfaj
118,EP - 118,1Z-o5Zu2Om_sqqHkAqAsvuj79NoZMm7MQ
119,EP - 119,1qHhrDKu1OCTnZgjidC6BSQt4HzrRNXJW
120,EP - 120,1NV6qhIBMQBGWfT9xg9hjxIiba-s6HVlo
121,EP - 121,1Mc1nNb07lCdswMK8uFwR70oNH1wthq-B
122,EP - 122,1z3jUPGVz8XSKxp1ipJXdjnILt7O9znO-
123,EP - 123,1gi9qYm5zfvKtiAINplf99tIGp2DQPkHk
124,EP - 124,1y4FP2Taop6qBzF_YiB1_2xO5ygAjF4hY
125,EP - 125,1YpcybHpm9-bBZ0IWfVC6t-J6Xug53gRQ
126,EP - 126,1TYZxUPGBwdbWhth1Il8GMt_xYp89L1Ur
127,EP - 127,1m9y1wS1_rl-8ynxlkZlIJWYGdSlxR1eV
128,EP - 128,1Pv2a7zMfV5AmlewI4WPSu5jszVuF1LF0
129,EP - 129,1wq3w5ZEwJgxnqeWnMU5bmXyTXNqI-R0i
130,EP - 130,1reVwPbleUnxf1Pu8KIhhLzAA4ly_HYib
131,EP - 131,1h6jB00JiV_MTK8ojsOD9znw1rbYsOLpd
132,EP - 132,1rFR7J3S2mHMhYtsp5AqOO6aWBprAiacW
133,EP - 133,1dpwYW_ZVJAKYOUIji3ZIJYPl19LIePrM
134,EP - 134,1zM25e9K5TnhJ65jSlecNFHaQ-aRNLQUc
135,EP - 135,1tpADpCRYUggs7IqQRsuoH9jqbrygj4ov
136,EP - 136,1v79kMDOE8iB16DVLbjh1Z5BwriqbERNE
137,EP - 137,17XqFVreLvK3-GCbSstuNkedC84u0AgE2
138,EP - 138,15xJvuYsIyND9DbA5FhBhA9jB4o8Wl2IN
139,EP - 139,1Zn6G2ks0Q9GBiZ098V1CbrEqPjHetnqC
140,EP - 140,19KSRpxtYVMukE4hsbancvXehgI9acXtf
141,EP - 141,16FIRQ39paTyl4pyT2MEhJnzvr5fNQRTl
142,EP - 142,1ghnwsWAX3AXrTpB09amF8uNVdjaorn29
143,EP - 143,1Y679ovku3TD7wS3LtpYVU3UVZRwqg7_C
144,EP - 144,1uRDWq5i_YcKmejcs1H0sXEcsmpz-gDl5
145,EP - 145,1YrjJZ9YjkvevKnRyfcOlHlF4XJU4LzXx
146,EP - 146,1zrzSeE4M6PFR3PRQmtfTUfSgVo6M4QXj
147,EP - 147,1xXRujP7E3ylOL3yuS-Ec8s_HXXgVXzV5
148,EP - 148,1M1u9yn7NsagZiBjHae4yWQpIwJKqTrAY
149,EP - 149,1eN4hITNm2NkOsq5VY9PhiNs9BCrsZ0X7
150,EP - 150,1fvQQVYyBpAPvHCxiVXX1Y_3TjChlAEyU
151,EP - 151,1hJHtNRUQ-gx8ww4__vgxPqmzfpE98YAH
152,EP - 152,10m128OXlrgkI7YJNgYBroWk8GQ3_FlLz
153,EP - 153,1mN9WdC7PTFW2SWJjdImUKdn5yXDBFSiW
154,EP - 154,1wpZdmnmro9ZeQ9IXNj6-TGYNestXn3pl
155,EP - 155,1HZbxFf18_bfuJPUqvQJu20QwQikmr1_u
156,EP - 156,1NNMRIFLf4F-PHniS22b4XyVRyMyYVFaf
157,EP - 157,1y-Mce4dDkWhmvp7DaF82sbxhkS5ZM2Fb
158,EP - 158,1IWiDJq6kLmBAUtlbtfYrnIgK75lT1HTG
159,EP - 159,1Ks1BIlFk9nGTgQckFpCeMNw6X3RFlk1f
160,EP - 160,1cAFB7ZWBX_6e7ATc83bmoAxCIF2-yBBn
161,EP - 161,1O79NfLWaTGCtiDDkazc7FHxd7sxhfIta
162,EP - 162,1pLipnjDHld5kz0LpQ-A4Woeyg046Z5tY
163,EP - 163,189qZ0cs7cDsbO73Uo_wHOkf_eQB21GGx
164,EP - 164,1sZWmfpEv1g0JgbF1yETJJwNBg-Ii0Q9s
165,EP - 165,1avBb9zJNF2DqygccKuTWetMqx6KtSmQl
166,EP - 166,1nx61jihsVPze9lqWC5YmO2rXoZF04aBU
167,EP - 167,1colSnqSyZrEiQJHOjSKM2fIx2vUGC_j2
168,EP - 168,1kcFKkxfaNITp2ScQ0USHqOyXqTHEJbGg
169,EP - 169,1ibNIC1dIw9Tq1-S2FsFHArilqwmRpTbY
170,EP - 170,1u7ETzsgAaaHtci4Oxb1QE47ogOnwzo5n
171,EP - 171,1UcclDSmWP5ZRWcU5Kq-UVnHfP8w9XRHe
172,EP - 172,17OcH2hRHLdnY0rLJwhmLF8t0ItEIqUNm
173,EP - 173,1ZKVRkahJDC6P20ExXbxTET2BEIw_XAA2
174,EP - 174,1Cpmpmxa9VHR1SdI2v2AqLkDXIFcqI0EA
175,EP - 175,1yGBfp-lDzjHOiiaTKRMsoF8INNis8rQd
176,EP - 176,1ZJZkMElrZ9CHyNCXPsuyBc3lWoyJC82-
177,EP - 177,1cF1uDI9muhWtkBNEvHaVUQQ9zBEjhOd3
178,EP - 178,1m0_c1bYeF7i_I7KFCev2XDCBTpaowzX2
179,EP - 179,18YsDAYmIj1Ziv_y_-gvoTDASqxH33vek
180,EP - 180,1K_rNJJGGlbMCWnAFZdWs1Ctvqj5kOYok
181,EP - 181,1i81OLDqGySNyHGNZZHI3FdJYPpKXPu8a
182,EP - 182,1uT_4007Ip7pCMpZXClojlN4ikfjBr70k
183,EP - 183,1ASJX9U1I_TZw7iqn20QlC8uYV7jk4YSR
184,EP - 184,1yCcgBi2H0JAPNSulORNQ2D3PauG9bWVZ
185,EP - 185,1eOaz9LZ8snkNQsyN09KIAcBFBPVwPWgh
186,EP - 186,14Sq0x6YVdMKyI6ZrrmopV2fSnvGOQKmw
187,EP - 187,1KxWpuuYDru7FkYYB2iBqaMhiLpC7Z7k4
188,EP - 188,1YWSJrVq_SwOvic2PP-xaHNPqxvDdX43_
189,EP - 189,14iXgfxSWPIYzXqT4JCeyOXKvSwt6j5Zj
190,EP - 190,1VdDv5wzYcFtRoLEvbISFYMd0afzY3vSF
191,EP - 191,1mQSuDupWyxAJ3jdpF2SMQd5Q5iypRJyL
192,EP - 192,1W3JgnJ3Qp9AGRdA3YSSi2ZiJyrIzi2yU
193,EP - 193,1ywBPWDH-imgq7ulPSv59N32M5ceCrPQl
194,EP - 194,1hNk8jCQUnExjfiv6pu-CIYBafBZ6KBMb
195,EP - 195,1Qql6cBrdKLgCnLx04ITMzt175D8QXYJm
196,EP - 196,1TE1sle4FxF7A53i3z_bixOwTHHgEVEdD
197,EP - 197,1XDR0qL2_1oXpLldfIk12X_qmXt_1mieh
198,EP - 198,1fHpNUChh-T8Us3xp5BnetqU2DQ_TX2O8
199,EP - 199,1FocTECs-i8vZFfQhdIFIBYApJ-wGyxjp
200,EP - 200,13Uou2e7WCuEVTnnN5K31j2pZEqUJTVKt
201,EP - 201,1OlXcg1JORBdq8Hk0uQtI231NkYVj7CLM
202,EP - 202,13RbLEn-etLvDGUDVu1bdTChUwL2xOXrf
203,EP - 203,1ezTqj4hIt1r81CpSdKv6hSxtWUcd7PXU
204,EP - 204,1s9SFinleU_y3bwY3bzCTLShv0QJUytx1
205,EP - 205,1BjsVeUc2YCOSxXGXje044n9rZTJmKUMr
206,EP - 206,1TZQqiWqLxA0vdHLa5gxYD6EVmbg1o6X_
207,EP - 207,1qv5CchCzF6Q-k3LkfgHJ9Ng-4BftANoR
208,EP - 208,1HYG_QX_lbIpIlstknVnsyFS-8WJXc9oy
209,EP - 209,1CmzxfzPFmMAaRBBdLeoXs52g8aAoY4GT
210,EP - 210,1IlLm_yHIyzVZ0LslC9OBze6G5ekWIXji
211,EP - 211,1uLnKhFyO5ExeZJZVSCSUKv0POk_iT7Kc
212,EP - 212,1_Jzp_tra_tkxZ8R8i79LoOQv_qMkls-Y
213,EP - 213,1eJoiRqZ765rw54Tgf_pRCn5khvUGIH34
214,EP - 214,1DQ4fNL4rv_4_kwWu-kpoyj5yBj-ud2va
215,EP - 215,149Gt1_oBFvWTjWMvAW0cfQX-6DaJLIrf
216,EP - 216,1hAcxc0prZR81nmtOLHgtmNVKoh6o9xyI
217,EP - 217,1ltNiEWYeBo5VP0IMb8i2zYGCrxM7YOgz
218,EP - 218,12et7W-r1ostigFO68UP0pAItH1LlqgXR
219,EP - 219,1I51Lcr2ObCiiDRhT5thSD6LqY-CtTwOb
220,EP - 220,1IBjkASjYL1lV-5NiY3b1QnWGvpvaad0U
221,EP - 221,1n-KVavr2cayIbuOdZO37BIyazuidnxtw
222,EP - 222,1ACHzSPn2DU2Rh_sSH9JgPULttjffCAHs
223,EP - 223,1jCLkv2jYe0Ecvwojxbs2YiH0PCeqZtrk
224,EP - 224,1taGNURGI8XfmOIzjBSyFsiIhPW1Os0Z6
225,EP - 225,1F82tyJ5ZqQSRlOrlI4vbHHIoJ-t-fZKE
226,EP - 226,1BLXGgn458my6ZkcbnxzPp6pHT-hJZel3
227,EP - 227,1jQBLm6NmAe38Wfmae9lu6fQxxEJB0Ty2
228,EP - 228,1G8R2S6pNtOLvfPu23X92OHtx4wcco3bd
229,EP - 229,1LEurMtgQ74D1Ssz0snTdr58E3fKVK5D-
230,EP - 230,1FZJJg4QBKcqb8LiiBfkYqnDZ22s4DyDH
231,EP - 231,1-i7NuZgldSwOQkNlpEsosOZmOWKGRQy9
232,EP - 232,1G97jtlcNJgG8OYKofn1cuiY349484lba
233,EP - 233,1iSTxSDay1TpK8OmLkdlLM27gqbQoofNN
234,EP - 234,1F6cX6AlkEyau3SnaIJ3tMu1mr3jkqth3
235,EP - 235,12BS7XHAD4qVO6MPgg_z052tI8K7gTBLg
236,EP - 236,1eGGLn4QlhmIOX-4e-MNDJpKAfk6apiXL
237,EP - 237,1drgjaqimpTHJirSR6ry9mxwQuNq_it34
238,EP - 238,1ABli8iGhB0FFaNdLECkYw1WzG04nzmm2
239,EP - 239,1K4L81T7OgxGclQQuDo1guVMdvCygJRkH
240,EP - 240,13ZXVo7KwdqlOcsG0lWRbSJWZPd4maSuf
241,EP - 241,15F5342YCfzGsx23PH_kHyy27TRAUYVK3
242,EP - 242,1M0QiOb3XYwTYZaN7zcuLaXnul8hwIPKC
243,EP - 243,11WTh9x9fBW0e1y7OF2QvOphcG1h2K5Eg
244,EP - 244,1tnd2HFUeMomT_xZ6PzbawpuM8HRMY-ZA
245,EP - 245,1tocUIZq-Ikly7O_N-LwGsCxNZmKzuL1k
246,EP - 246,176lcBa2E78dt8vwvydZNZ-GnlhrTggkb
247,EP - 247,1p-Na0nFz62UrB3MbpQRoyChm51Nn6AY0
248,EP - 248,1U5R9QtWm1HVWZvnz_anpXtxRufjYZaiW
249,EP - 249,1NYr4OkRyPoyEX5Ra14BjxGr1OE89y-5c
250,EP - 250,1T7RaGdipbW3uhPNLmKJnC-pE9jU7pzT7
251,EP - 251,1iNo-P0IedrKhhMMpZRXQNpy2bA52SVOu
252,EP - 252,1Ktwi4CdXsMvpvlNsy6YLAsEUcBvO1mCB
253,EP - 253,1zw7vmCFlp41cv5-9-1VcB9za8gjsdxxJ
254,EP - 254,1udoc16puIHrWbW6sLjzyawpnexAvctPQ
255,EP - 255,14iEvzovQBSSHeOHRKvUgE0xj91yrTIZw
256,EP - 256,1_-05tYoN2q7EldR1-KUxhkPRTNpxB3Zy
257,EP - 257,1K8NzbreHZ1zpF1UA3uCrxJv38E9SCQoB
258,EP - 258,1HVtcKhjiOUdTIvZ5oFNKPDRqVly9w9pD
259,EP - 259,1MDppzXtvZscGrZJ0cN5QRczLZnrYv7ca
260,EP - 260,1zhHhFnP04cjhP_w8dwLYJKEo19ncGpXx
261,EP - 261,12kom7L5PyBtpazM0hbJdQRaY-1ezB_4J
262,EP - 262,1tprsVio-X4iEpBfbbTHyliw-nZshzZf4
263,EP - 263,1_IvhPGIT_0F6wZ2UURnOqVzwJw-oMH8c
264,EP - 264,1kLdtQABB8ieKfSxP2DbxfotwRGZt60Yk
265,EP - 265,15cc-HPAJE8kj7TOvb1yaYeKF8YziQw5P
266,EP - 266,1DwzE5FOtlrbdH3RnPsGsEeqIHEuG_aub
267,EP - 267,18SWFDN6hZCtZMdBPAcbu4yKpQxY9jjoP
268,EP - 268,1x1XLQiYkwyGdGKXAuuR_h29N7MEgbs_3
269,EP - 269,1vl6-v4LA3qLByPW_BCgKswVSZRE0uPRQ
270,EP - 270,17pGgVmpxNYSxkkhQrYbzZGZrqVrVSs1L
271,EP - 271,1G1zQkwF0FdvKqzkGWxBHXUUswesEqOeT
272,EP - 272,18BK4iqfwwqxtk-bYIaFZ2NZCPoDokraF
273,EP - 273,16sDJoA8tBFKSEFl6ND3rXPBUHSvMzOFa
274,EP - 274,1nSLL67T7Y6dCF9HbbYfyRC26TghLfdMN
275,EP - 275,1aFIiTxEaNx720cRahupLBWXKYDTP93cy
276,EP - 276,1jkgRKynghqcPHWyl94RJR_9ZKMxY5Fr3
277,EP - 277,1UhGszlonTe5fjzyyOpU7rLwdgSGiANQu
278,EP - 278,1vQ6Bunhz6whOeIiN2CFY22oUu7R3xR3P
279,EP - 279,17l-6jp34e9iphNXHVFDk4Opj1LM0UIfV
280,EP - 280,1Jq9k2ziFX3-pk806viEC68f7tm_GQwus
281,EP - 281,1acaOzQhc989dPQuIzhRc7NKSZvuBtpXh
282,EP - 282,19ilT2HwRQMIntCY_87Ty1xclChCgtnjv
283,EP - 283,1rvNlNNjtlRoXdMF9DjaYPvjb9pab7wub
284,EP - 284,1QYQWbOgPIwaMcaEFedxjcQ-KgUPN_wSP
285,EP - 285,1p318zG6aZ6Haivus5DDwzseYKC8ZtAMi
286,EP - 286,10WoPARgK2TkMGkRokb-dSGv5tAcyoFw5
287,EP - 287,1Nr82ENAEu7fan0PpMESh_H6tj-7OGSRn
288,EP - 288,1reo3nfpGubiMMnAVHwR0ezX8LY9Hrq8m
289,EP - 289,1NtcBzn605ziksefgPXd7OZ9N2rXt4DYp
290,EP - 290,1C0DBQYK-00nFP4i0z86h5NelIqkD-MqB
291,EP - 291,1DZYhKBTMx9sruvvh6KlRrSzr2HSc2-P4
292,EP - 292,1QnnaoJtfJ3emE82IJDzLkcTSP1UlcU4J
293,EP - 293,1D9HdpqYebY5tdZU1cme_p1bCF1iMK7_a
294,EP - 294,1qYJvHBxI9-dGnUwzVg7DoFRmEDmvEdDt
295,EP - 295,1SAQ1Ewviu7PyUQagVdTmFv25vWkBR2IB
296,EP - 296,1ZZdu4saV3follZdZOrr-Dzq4LHOHZxj0
297,EP - 297,11ZASY4KsTFZqnqAWurK3ithTQtmTap-R
298,EP - 298,1mf9-FRDCF3BMf2GiEWR0TyqmeBcNz153
299,EP - 299,1hv_YfHDZKegHtlAPMOi2qvCaidw_QBy4
300,EP - 300,13r0ED2MOIt8aCt-34CI6XhKQuCeeikyu
301,EP - 301,1OMIkZGx9hrlm8hejo2iacBMFKM2zrCnh
302,EP - 302,1SzUC2SzDw1kTeLcAb5qValv3ws8wghws
303,EP - 303,1xBWXc0OaOIkYuJYF3M6pWt4k9nAY8gdL
304,EP - 304,11GMaExUNFOjdgS_0X_SzdcFWoNP6bPLZ
305,EP - 305,1HklJoP8wAkJEspgsR73DtGF5KIXh1hkU
306,EP - 306,18a-izgdQbK8f00ch-NdiAHy5q6um5Wig
307,EP - 307,1scsn66Ig1-EBm9zZIt_yfs5kqZ_wNk2S
308,EP - 308,1HoOqYaazV1CxCcNgOeoWM1OKuoi0QQYN
309,EP - 309,1toNhCRzDs64GfgV7h1kI5gLtFUNACsjn
310,EP - 310,1HKB7emSQEiac_XWXVB5mFR41-K7rgZZZ
311,EP - 311,1IRuZ4DeZAixvJ1kAfeg7tfhV9ysdBUJJ
312,EP - 312,1CiHyFkuCKTaFk-ez-5iSeUDNLKiOfOFO
313,EP - 313,1pNxV2enOX5hCrAgTFe2FCLMTUJSk31NT
314,EP - 314,1SpbFteMb7yDK9R3i9EH1sM2sxBqO5b5z
315,EP - 315,1Tbj6xB_9H8ClccK3vdr0c_tmYDw1Hfh4
316,EP - 316,11rYGJdBlP_e2qe78leshymU0IEnS0p1T
317,EP - 317,1Hft_gpFoY3Wors9IUPPgffimnae0N2E5
318,EP - 318,1O8Y6um6m0M1oWV-pQ8BN8ozsKLaU8pp5
319,EP - 319,1DYJ43IN9XH-H_zxzcVAPAU8fRDvFrWtA
320,EP - 320,1sh_0cvEip6WeHICXxtK_j6L0VfmjHPso
321,EP - 321,1tobVD_xrJjNQErqyU4Dd9EHfEsBDAtk4
322,EP - 322,1L4dU_3UTmnkHy8Z_fMUQtwjiTBs8oKqI
323,EP - 323,1K4lmZP73X7-JF7CeYOMonljs4l-IEL39
324,EP - 324,1JGIDozMErxT4BKs6oGIthT85dwZOl0zQ
325,EP - 325,1K4s7oG1FUpQ4JoU2iLVDhKKE4jq-pzP8
326,EP - 326,1976g_pnHyzFQXfadt7T5bzvMD8Nr6_DY
327,EP - 327,1cQOwfDHVLT90VfZTDqCN9Fs96Co5wrN8
328,EP - 328,1IZiAtv5YTK9l6DN6naq3oBzAt395KlxL
329,EP - 329,1WqZFJ7Qiy7ErJGqpUfKlrl3FKrxUvTiO
330,EP - 330,16J0oOTdlH88IiEP-y96vNJnJX9lLNfos
331,EP - 331,1xsPfgar8WxBA9GlSpEcYfcN2WUdrLxZF
332,EP - 332,1oxZhFjjOX5k3hc09_0SskzrYc938lxeS
333,EP - 333,1erlUxMjqnLqHB296KhN3UW2XjJWhWMgK
334,EP - 334,14xWfcfm4PfybHBerU2eoVK5hsg1KMjKA
335,EP - 335,10ffBRDh5bLianhn7Y55c3SgE9phYRoct
336,EP - 336,1Si26S-YPTHseWHzm430oL61ZR47Umgzc
337,EP - 337,11UrRN2sDtqhZ8nwpGb1gaTxuHSl2npSk
338,EP - 338,1UFbun23frjmIT4-tS2y-ZL02ZdSvdoPI
339,EP - 339,1pEu3OEgTFQXe4EjZVrYD8jfo8j0tEeN1
340,EP - 340,1pZ0T3MjkFuLwon2445QQomghgdsnt5Jz
341,EP - 341,1WHzooAQwYwhtMri4Eojw7Cy-i8I_j9eu
342,EP - 342,1M8C1t-ZOPGyp7BZRlnrQGHgR6sYMFyD1
343,EP - 343,1D91xt_YA8cfkSZ7PwJlxJRAaebMuCtpF
344,EP - 344,1_mUqTqbeYj-s3LsqD8wrHft7PeMULK-U
345,EP - 345,1-6gX7tg8CanYnHEYyJ3A8-E1XJhm_KOB
346,EP - 346,1yi-HL3EQKcx2l384CCPDaQOnAfp1LXUG
347,EP - 347,1c-Zb-CPVQRCKUebttV6hDMidISgh_Hm6
348,EP - 348,1T-Uqi8kKtdY0zklkU6Ku1_x3AFQxU4G4
349,EP - 349,1N61WZbbljDQh8BuaeTiUEju1Hc8HDaau
350,EP - 350,17ujQRDfuZxB_YTTlEpxT0KqF4yjjO0-L
351,EP - 351,16umyGkpbkzWiaUWiFiescbVtOr853gkG
352,EP - 352,1ibBgaetx2-O2v614hhNEeLCE5EHyLPRk
353,EP - 353,1SO1SOeX4t2zHpYD02myrxvgkL3VbGIxz
354,EP - 354,1Qty5Ge-C_tK6G6yc2UH4CT5xY60idDgo
355,EP - 355,1Cy0Wxf_Bds0FEWNA-gP1aYYKk7gRyNPK
356,EP - 356,1zxR1_qTlO-TWYgiLDkSSLSeASfyYOWVQ
357,EP - 357,1dhCItm5QisX_mbQxRKEFR2Yy3vrc6cJD
358,EP - 358,1VYeiapKAsipPb1JDO8m68MiX6jwiC8IO
359,EP - 359,1k0le4AkjIzrVi8dxuCv6bXnB97iJlT6o
360,EP - 360,1IwlfGoDP36ywf95jOlHBgl1ceAq7ybXO
361,EP - 361,1uAc4wpdqdIv7DNvOKSYAKHzhe2h1Jbcd
362,EP - 362,1U3j3KRG0M7ubwISYmdD3q2UAgTf8Un0P
363,EP - 363,1Gc8X9etz1E1vfXfki65-ceG0S7fpMQqU
364,EP - 364,1Ts9oJe0b7Tt6OiJKEbA912eql127pBag
365,EP - 365,1Wp0PwNzXPm8U_X93FbsyrLfkvNrQ_TaV
366,EP - 366,1GTTHCHEuaR5sIO6fSa970Jk5_9hXOYmx
367,EP - 367,16IjxtgPElQrKVImA0P6SQ0ukWnBkkOKW
368,EP - 368,1--3Pk88-ejiWHRT6laYiiwo-hb7WgHK-
369,EP - 369,1pyaKkmwbx3-8cQG3U2ULY0rKppipDAkI
370,EP - 370,121AuHCkKDdMyy2krqPuOPxBoJpgYvgOr
371,EP - 371,1rfJIscxNMqj03XWO2MCi1OaalAvYNJfa
372,EP - 372,1HpMVJTYh7yV7s8FLOEQ4c93PErQ9rgze
373,EP - 373,1H3bFwV5uysSeW59XpeFosnK69zD0gRv3
374,EP - 374,1IDmVQ2ZNT5NIywXiJjnSfWYAfIngBQTt
375,EP - 375,1-fTZRz2j9YxMWQB5c7HLzMkrDdus66mI
376,EP - 376,19Sb0_Tp0Mv0BEhUoEzklouJw_gu-rw80
377,EP - 377,1zueJvRUQ87h0voh3VL9Y85S8ZS7e9ZRF
378,EP - 378,1HyUII-QmGcSmlQKHYonzJ8JR4vdC8vgY
379,EP - 379,1fkG-BXGd6Oh_oXo4f1xoNm4rVUmvZYJl
380,EP - 380,1JeWEJHsHbLTHulbWkdvvfH4aSFz8IgGA
381,EP - 381,1FsdErduIeup0dnvfVdbPOvuvR_I8ij-g
382,EP - 382,183nKJLn14uX0O4orOk6U_d_PmJFovACq
383,EP - 383,1P28OiE4KNsxtsaHWW6SSiEPhF_1BBLsB
384,EP - 384,1h9baKFr-1iwfkfsn9KuGvDns080rhdlf
385,EP - 385,16Mjt4s3dH52Eq4gFWEWUu2YUnWtc8gA-
386,EP - 386,1XL43NsypoUrjTqU9gA4sSjpT3DkdUr27
387,EP - 387,1RuS05fM_2CsdLeAk2sFDUxeJ24VNivjR
388,EP - 388,1INiZ6wk4_IqO77ZKVTQskOGvAzHfrcCj
389,EP - 389,1XUQFhk2Avo50NpDl2GMPJCW-PhkmK52Y
390,EP - 390,1MWQsAsr18q73O-9BE5dspMq-DqJQ3W1z
391,EP - 391,1ys3UBTlgn7ac-tngCZeBKXOqrYgdmQMJ
392,EP - 392,1SzEO1579mV6DQDZvaMuok6nrmOrQ9EVc
393,EP - 393,1FoTILCz51rP-9S3ItlYd6tQxGvl53pxu
394,EP - 394,1Twv3UW8cpgdPIYbZ42IhcfHNzQ27FSPJ
395,EP - 395,1WGIvw4OGo0fWRTBRqF8FsI5KEnY07oJc
396,EP - 396,1X_poV2oBNgxB4HxwJ59_8L8_28tUi85M
397,EP - 397,1zW--5Rl5JtExIPfODyqaiNuzB56DWMEm
398,EP - 398,1M0V36A5Eh9Ri5Y6Wqp0FXGJ0NCadkG-X
399,EP - 399,1dLJicEtMIz6Zpdx-6xaie-k5DYwX0SB1
400,EP - 400,1Xql0Sq41kRTT9ml7WQXYwKNc4UMkcCWG
401,EP - 401,1mSRA7w9dRVcxwsMjP8GyUMSFxwjhE6zE
402,EP - 402,1I3N46y4zKYmXmiodhRXP3n9zSDpHb8lk
403,EP - 403,1YacFM5otaLmMFwv1btcHIbieklkedU1a
404,EP - 404,1jPq_lIym6IrGkSwY_imzoBpHN47DxGAv
405,EP - 405,1O1dQMGLMIYrgHn_EqN-ymn-CNOrgifJz
406,EP - 406,15YdLWv57iDYrF3ImPgcOchZexm9hYpcN
407,EP - 407,1tziSuzkpzt_owGZhI7fk1AZWvUCUAE2s
408,EP - 408,1PIx2NRmKjX_ffa6qfhBsgiHljpdVbXp4
409,EP - 409,1EeqXkRfiapmr3qDMAIYi6rqx5Im-TkWS
410,EP - 410,1FzOuUfpPVZYAMczMHcepZzdJmVYR2Fb-
411,EP - 411,1bLrx05mdAhM08-hsRdI9o1Q4eoOLz3ds
412,EP - 412,1ZYINHY_XWTdeu0q-XMg2Cd4huACVceBT
413,EP - 413,195fP_eE6qmbmv2JR-V85kYnAoZPzAvDV
414,EP - 414,1zSYIKh6AxQ0Th75dwLz6PzhHXB466ahu
415,EP - 415,1mXmylqPk69mO4Dj6bCyQWVNXYKQU788s
416,EP - 416,1f18ItCYbB77nO7WFb1iy-JGkfs6BCSZ5
417,EP - 417,1aY5cQ5qLlDsPZfQvkNd3RI_hbwQSfhzj
418,EP - 418,1D8hOXrwi5OdKk_B4NIpInTkTS09IQRsn
419,EP - 419,1c6yD0Owq0H6WBF8L6T0jGHrgHysVpPCZ
420,EP - 420,1F6GB2YBVpgyFnuP-TaBCqv9ubcJ5tV3S
421,EP - 421,14ih4pUCOIhcploZy3aHMJSZdVcqHWMLW
422,EP - 422,1p0iUVclyIiN8fILEub21LabdtDOApqgb
423,EP - 423,1kkWJyduF6T5mCjnX8KqgZTCfIDR3aDmJ
424,EP - 424,1OXHbHDNXXBBUtQBduQcAO6R5GDQBmjl1
425,EP - 425,10vovUc-8mm7Vs-8gQ4k77vdl1LKVuOd_
426,EP - 426,1L9Jy-Tc6sm_T-3L416yZOxiM2W3bA-oT
427,EP - 427,1SigUPqs92k4et4Xp8DJQb6nedTdxPYVv
428,EP - 428,1VvKLQMw0as3mlvQuO1uO_4G0VvuDAM0L
429,EP - 429,1nSm8RNmcML5EdicFHs9S4h4enBKuH3PY
430,EP - 430,1N4JiX54Z4QfEYR9QCWFosIgriiE25VUa
431,EP - 431,1o_se8fLdPvD8-sNNh_pXxQK2ol1Uvp4q
432,EP - 432,1H3PO9XD_UEa3xt0ivKp9pJjmeQCxDdr_
433,EP - 433,1VgdomqI-cAy4oX4Bk13vqA0shpovIu4Y
434,EP - 434,1VwMQs2RlvN2Jc7w4Um6dD1UwtH-ylFEx
435,EP - 435,1N0791fwe9IX93r1rHXIUIquLjMWtWB-G
436,EP - 436,1cjcYDJJcOZnTkmA2zVvbaCxwAoDK4R_q
437,EP - 437,1Nnr5TWz9ytsG0Rex6p-n6nI6Y0R7rg1V
438,EP - 438,1l2WclPCfwc7jMtFlRD-PF5YyIb7RH07b
439,EP - 439,1Pn9muiibz5uJHcLItZOvnLxLLE76HHNz
440,EP - 440,1DtgoL-YFguSwSMFKmMEy9ZuXn7xs7tka
441,EP - 441,1M372A9qnx55v-a_F2c7uVS4riCY6Mw-N
442,EP - 442,1JrBiKRLL_LkBcdTW4R3EuliTSM85pi9w
443,EP - 443,1uTmcYQoWTvCosV3ZTzWs_iYAlPgbB1tO
444,EP - 444,1MfoweZVf9rMiXP9lnkGXg3JsJxJubjop
445,EP - 445,1oRZa8yBJh29gDAZb_ThJ8PNpTxvvonhw
446,EP - 446,1yqZMgSq9SGuYx551lvMQPZ_BUMTQx5Sb
447,EP - 447,1GddebQJBSjTYaawO3JAUnuaUMxtKRmgy
448,EP - 448,1MqTMvrUKFjAk8orZIkP23oMhZObGMRyF
449,EP - 449,1e4I4_ubzmPl9CyLnm7iXCr6kj3HiOj3V
450,EP - 450,1OOsoRToX78owUl5namZktFVfXbOhyOih
451,EP - 451,1nTw0fGyvWpZVnWjPnudsZLjzTHTawyxO
452,EP - 452,1ONVApEyY9ORaIq-cpgP90WgynsTsCmmc
453,EP - 453,1R5_SOPRrYetlOif4HklPunkI_OiNCQUP
454,EP - 454,1HFtFCvr4S56K1O-Nvzf4F_tJ81vwYEsN
455,EP - 455,1i0tXZ25PneMmdjv-bLuyYNwMjvlArETS
456,EP - 456,1drmG9dmqyhbE33mx_nzK17v4IO7h4DsP
457,EP - 457,11WvZ0GuBvvBFXXakEbwgyHiefZDD8HVa
458,EP - 458,1PuiCP_GEwwvotiFcdWYLK5Gcj5pD0ag5
459,EP - 459,1ul0KO8uepPYYH300lrqU5CbC3ol_N65l
460,EP - 460,1C2vrveboXAApxNqXgvG9kI5TLBf68QV8
461,EP - 461,1OfRmd1I_kaHDbRBiU3SOEEWpIH_269en
462,EP - 462,1h6w358roxKxPbWs3-jXKfIGAxE8E5b9H
463,EP - 463,1wkQrm9SgOdz4g3KkygPHhX49Z7jx1QwX
464,EP - 464,1E3vCRPuUALawihqEREfJqtGM1aIx3jDs
465,EP - 465,1a-hAnpKYZZgisPU8rSS2lQZGE6dIdGlI
466,EP - 466,1bjIRLRA1UptZed7BZgGNXazoxLbVQ9dA
467,EP - 467,1XEWPDgskHtpDDpYdXdA0970P2ItU6w7k
468,EP - 468,1FLEUZhEe8S27eT--fbL04NpcDIweIl3W
469,EP - 469,13PkNYfheG-P4RVJoqJtRa5onOThuo-Z0
470,EP - 470,11fAzeT0e7Gk4ym80PY2v2t-odwTUfQld
471,EP - 471,1gKF92C5NEwPL5o9_cxDkqsm2sgLljLMs
472,EP - 472,1Bahiwm6aivOiJnxOfQY0NG0J_lRlzoS5
473,EP - 473,1no1sA9H7IoS12G6P20ZCH6fdhyvytpl_
474,EP - 474,1odg8arLrAPExV4jJlaMzFgomPQX5ly_6
475,EP - 475,15mTWIzQcr2pGG2T3nAzYzELlkNknn14z
476,EP - 476,1e-NvswiPdsEvf_1M5SFgR50ieMJNKW5-
477,EP - 477,1SRD399u9l3OlpTVHrLyLZddCb7J1_LAI
478,EP - 478,130ZJqvp0V-b9taGyazUWB2XCdCBzxwC6
479,EP - 479,1vXhcmTiY8WZKG8-VOI9uksN1YhkcTLFi
480,EP - 480,1docBHS_KQDBybSkmNRkND_Qqsmk0gGF3
481,EP - 481,1L8JyV4zz13l52uuHuGJjv_jKUvNkOLvC
482,EP - 482,1QkvU3G7_dkdTvHZBSFd2rw_dSSm1ZplB
483,EP - 483,1-Dnw85UVZ7iA6YG-9BZ-8ALEhbgbJSUP
484,EP - 484,1GniauyoZT90rHHlzVTnxxOrzGc9aT0cR
485,EP - 485,1epy38jBoSYK3vkRcQeaegfaROLvygQLk
486,EP - 486,1rr_NSJAynoKjrG4Pfi1cYaYxv9QXQ-NT
487,EP - 487,1zam16bFt_V8PnaXdrSWYyoagjTOR2q9B
488,EP - 488,1Zbta3UatMW2iy0xz4pjMB28L9RtbOkYh
489,EP - 489,1jUW5woOGvLBGiwDF24Csn23BG654MXjN
490,EP - 490,1T8oXeo7ZPWcuvu6Npr3Yg2J5R9DnwLGo
491,EP - 491,1gn4RoJ3ic7tYjN-Cz1Wmm6zS7yQNnIjs
492,EP - 492,10XWfpustJ-zH1qBcZbD39yjfmx5hPtAW
493,EP - 493,1XTtskpCeur1BEC2HmkBM8ziXzm0D7aMo
494,EP - 494,1I-SzIyTcOYop8-XQ0MICnnrpamJt3L1B
495,EP - 495,1CiUqwNEk770NtGYbcjrb8QnETh1kYFX9
496,EP - 496,1JCBtuC-mocAOlWnPqUIERkJOYZzHCWrL
497,EP - 497,18YKHgQ6yPbSmn4h8RdCNZNETG0F8xoiu
498,EP - 498,178Y0Ps3g2hMu7YaVreOHf13MrZ5PtRmv
499,EP - 499,1VBYKCFfFrjFT0JimyqheTMiyVcfE2nV3
500,EP - 500,12AQvEJg6qBjLIgJaqHkGmWHTqCO4ETvx
501,EP - 501,1N-MiH6YfLnfInniXAjKzFJOeuqi04c-3
502,EP - 502,1tyeJSZ6f1o-YynkrVpnXGxq61iZBNV8K
503,EP - 503,1Njcv_soMIecX1tI6blfPjwyRgUydyB_x
504,EP - 504,1qyxlx4PVHF0ktntbgKWh2wK46o-B0yUS
505,EP - 505,1AWUg9xLTvD6_NVu6WfdNcGBZxgjZY5zg
506,EP - 506,16mPOGwc_RCR0Rn0oCDleW0bzgtgeelz7
507,EP - 507,1ta_j5hXSXu81tIF72FjSxo4HYnHqTxJ0
508,EP - 508,1cnBvIHFKiSNlh0IbVfe_dKrtOYeV8-Lo
509,EP - 509,1G6RylAhxsyfJUiwrZJBf-MzQE8LdHpFB
510,EP - 510,1t9N0wzaoZJH-567aTkrzRWnKsRO89XQ-
511,EP - 511,1-Cew0_6YzrPMHOU-b5ozoYK-0XBMrjwH
512,EP - 512,1vImh8phnnwJgaDkhl8dl8fyDfZU6b9UL
513,EP - 513,1WRD3t570G6KHspWgAU5xVr2G-tZr1m7P
514,EP - 514,1LIYxiYoQSOJ3ybWh4iYkQzMM0z3nFh4a
515,EP - 515,1HTGPiT0y0LwTIL1DBKb6vvS3KX5179hv
516,EP - 516,1wy7yOMqZ2bXQ9_AfvbnIIbHE1KcRgAGc
517,EP - 517,1b7CZRGyoLRQNIDwyP3gsjRLUOAM9KCg0
518,EP - 518,16zOEIjOD4UvD-sNu1cAk3JEWIuul50hF
519,EP - 519,1FjDR62dJqEShVq013nEfrfPTJzRwWwHc
520,EP - 520,134nAnEwH-O1Qrc41mE3uHKJzONWHnSOe
521,EP - 521,13ZkF2xNS9dw3_tqxbGtkZQewuP8P_Twt
522,EP - 522,1W85ODSnAiNxwCdHRUkNVG7HRWe6TuXuP
523,EP - 523,1xnRrQLp89S1TUKwA_90FwPZyh_v7iJeO
524,EP - 524,1K7nR0SiBAq2IgIPEWBGa9ImsPWaGbr_e
525,EP - 525,1ZsovmgFsLRsDcGRVg8_u0jNnC_sWzBfk
526,EP - 526,1U8cFZ2rK6riYn7EdBmNBpLYjJFCNOVfi
527,EP - 527,1NNB3JmHq5jWAzKzx4WJHdKSX05NtvMac
528,EP - 528,1W1HIU73Ek4h0fpCwG5sGEUicO4JVFPc7
529,EP - 529,1zFVIOzp6avzJiCjgiuoDsMnRPhW9B9fc
530,EP - 530,113VLlsVRAc-hWVS_Aj8xvfqYWdv3R8W_
531,EP - 531,1STLEsuQOgxmytG9eSDVYC4v0pD0l85FH
532,EP - 532,1sJBrkCVlSMqVBmQjUrgaz3DpHxAtxfjJ
533,EP - 533,1Ip4ATWFzkgmiasqaieB2inV8_jFhe0NJ
534,EP - 534,1nhRPy5vLqwud09zBN5on7Sk3UrnwihiI
535,EP - 535,1vurBiSS_jbHrZjbX87qf-ygh_aCLtEXO
536,EP - 536,16IFbDLkBs7apBVkdbn4ofUk56M0X8TJj
537,EP - 537,1no7GhKaO9KrOCWrBXlLBiqFwe-j8_qJ6
538,EP - 538,1Dz1rEi0aWcTp_O-Usiqly2jYJ6rwYbO7
539,EP - 539,16shNpPScfsS6MRcpDK5VqlFEUMaxYLZW
540,EP - 540,1xj139XfmoWF6UFBkxHW5Minom-1Ms2XR
541,EP - 541,1-nadkzgDszE596IzsoZfd-qx_JwJvde_
542,EP - 542,1g3HyW19qLsE8MsrQ6MaRTbfptQE7cgoJ
543,EP - 543,1_JWSZWDOE8B21If_rXig2l2uu-R5hTQL
544,EP - 544,1Zp8vBtCkJIjcF4AaIN-UZPmUakUuZhQW
545,EP - 545,1QcelNy8olcwAm9NdkfAnYZxS1Y-eDLdR
546,EP - 546,1SJY1ilk-6XJUvE6VbpCvJRBg-Wrhe_QY
547,EP - 547,1r8DkbFezjV8I8X7_JwmC_JDXDZ8_jskZ
548,EP - 548,1wnz11Q0bkWy_t46t9h35HU9BizdzcNnW
549,EP - 549,1ACa-hf8sw5D0Eq6CpUks9f7Ft220gPJB
550,EP - 550,1rQybettqd6kexVXks0nUVwHlTgiqQnxt
551,EP - 551,19qBqO3X0fkZz_AtdVZr4-zdWiYoML2Zl
552,EP - 552,1Bze0GS7PqDRnreRKkRSpk1P1h2lv67Gw
553,EP - 553,12TY13PbTQqgM1m0DQdcn_w6bDEGAwRIC
554,EP - 554,1X7195iUI5X7Ri7J_ChY4XUjo_DJd8CZ1
555,EP - 555,11t_OxZS1SjIt5-qKgs0Pc-qhCnyPz52p
556,EP - 556,1WvbpjW8ls1CTzoJ6qeKA2MfPzkjHIcF-
557,EP - 557,1UEVLSt4_l5PnGfbaLfl8utQc4fua2PXC
558,EP - 558,1UdrrS9c6DeXfqueS6KzAGFfA1jzr7Chn
559,EP - 559,10V4IvDu_WDWcrmE8CGJXqnmt-WMugPgd
560,EP - 560,1UMCmyWzhqmA09CqKOdF_lDAXTU7C83-P
561,EP - 561,1w-aOWfTdzqaDxjBA0_egJ_daGsb3yV0_
562,EP - 562,1itEcYfuzQuIPbn-gmL8mnwhb4uivquK8
563,EP - 563,1opxw1uRujozwqH8_ciHjG_C31tKxECrJ
564,EP - 564,1r44qDz103leQEiXc4THOv0S2BnS1Qdj7
565,EP - 565,11C3hLb7CyGPKZeLqSfOMutqfRrtPD_ZJ
566,EP - 566,1mKF-r13OJy6cBBBjNgN8bJ4WDPMz1hUa
567,EP - 567,10VN3bdpBfSArmjbD_dUOmbr08NJOZ380
568,EP - 568,1R7Al_zjJM6ZfYiL-91XP1DfBF-HT1njD
569,EP - 569,1yJw8Hm6U5rpTdAU8ZeV0lgtY-Ajqo4lR
570,EP - 570,181r72U8txbm8A6AityYIRFaKkElluIWM
571,EP - 571,1eAHTwHpFOYrKsZsGQDOWUh5tdf-HbfXF
572,EP - 572,1ZYNCF8zVRyMl-SHW_EAm98MJRKM_5y0S
573,EP - 573,1pScPSykGXuhjgY-_gpWdOLpfv26Uviiq
574,EP - 574,164RbFQGxZ9r7g0WzV9L6NCLA0bSl1bQ2
575,EP - 575,1KewUM54jgCpII_Q6_QSOqAU-ce4e6_0M
576,EP - 576,1fUBEbIOzyz1TZji4fbySnPuKVkC8fgh1
577,EP - 577,1blzRyaRAxLS4gQWeu2rc4KZPGGMJqtPm
578,EP - 578,139YYv2W4zAuewEe6NnD-0D4lTNrfPsFX
579,EP - 579,1mWhEpOFj7C8HOzYSRhNwfOI13gNyDZpI
580,EP - 580,1eyIiJ7_ZzV8knDD49YixIQ2mwyMnmUpK
581,EP - 581,1JvhTIDv9UvHzFzvX1hKCajjgLswrdpyZ
582,EP - 582,1884iZNhumlvCTfLHem-lZi2brveLXyvE
583,EP - 583,1eWSqV12X_cW2MxbDolGiWbsGHgV2pMED
584,EP - 584,1i4xsR5w8cAqwT_7DAJ6M7V7WxTc-QIs_
585,EP - 585,12crVKIZWu7Hi5VxBKKst5dbse5kJithP
586,EP - 586,1qvigZIu81CyHwkN3twr16QYTz_oDg5MG
587,EP - 587,161lV70hfvDf_GBx6tFzlh8cVxdpRB3AT
588,EP - 588,1jDCF_FDzp7G1oHwfDZPNNXVVyvPzC65v
589,EP - 589,1JJF-IyHV8ecW0lsd81naC5rG_VC5jtoT
590,EP - 590,140jKtgLLWkY2mRiLQHH7ZQwYAikta_c2
591,EP - 591,1ESEMLjr_bt_VF9KvEi9moZd-hTASnoBZ
592,EP - 592,1NbJ6_S3wEZS3xkaLxx1ibqwreojrX_O-
593,EP - 593,1hmFSeAP5_xTt1lHXIZpqsjhJtY-IE_Z9
594,EP - 594,1ypI-1NVkwxHgovcwr02WfOxOwV4R3HSJ
595,EP - 595,1JEp3NqdGOOZXlDoi_HObkm-_kL3LgIww
596,EP - 596,1JfH7-IeBIK0aEw3X3u51R8v5AdEQ67RK
597,EP - 597,1nz43SEBd4fkWR9KwYTJr6gqhbZT0kHas
598,EP - 598,1rN-D8fAdGLJHJ8GV2sTYxoRHRWs04Uqg
599,EP - 599,1884YLGmLd08uXzhoe-ratexrtWdL5fgL
600,EP - 600,17DrVAgfq0viSomc53QyZpxQ92jo4MXAq
601,EP - 601,1Lwn0uX7WdnceSF8rpFFasydYj-9Kaxfs
602,EP - 602,1jzRVWrTF7DK2EIOSHOW-sErbDkakjKJO
603,EP - 603,1p-MO7x99VUteAV8ElimWaqHkefaXJ3xz
604,EP - 604,1f4pbgNN9Nllxhb8mbMykZK1F-s0LzMZS
605,EP - 605,109SZIPSD_NfWvzhfksRJ99gR28fqQkqv
606,EP - 606,1mShFMrBtrIjMOWh_XSXDNFqn3Vq_ZIuY
607,EP - 607,1qfCnWw0-ADXGy5BKuiHm_X4LDfKh4Y74
608,EP - 608,1ilcDKGRRzzgDmWXieH0sSIYwCL_CquFd
609,EP - 609,15Tl7cME7gS5gx0PuO1neTW-Otk6HfcQF
610,EP - 610,1MhDWvd41G__mMRJKKsulxFvA9s69G-g_
611,EP - 611,18boNLWHhyIcj-Q3MZImAHEW0g3dxOP5F
612,EP - 612,1VwvvP2E6Vg2BbfJsKdbgPQVvE2o7q5HO
613,EP - 613,1v5iSw1sWHXJ_2YddxNcLCy3mgDHLpu4i
614,EP - 614,12ThJPfSgooNnstL8Qd1mnxXZo8bwqPdr
615,EP - 615,1M9aYOgqg_-eTljLLKHA6qtXw5WH5KlGx
616,EP - 616,1NoYTg75-x6V-ABgwwLsjrat7d9-1CITU
617,EP - 617,1YFDro7wKsKqfh4R5HWrnCedUW0Iyckp-
618,EP - 618,1uKcR40k5xPXSVhUfJzf-6v6P1YnrTqxp
619,EP - 619,1wTuUbXPvu1GtVZrh8XKDWpetm9AZCkdc
620,EP - 620,1ok-rWZrgoQEdaFSE5180LIADmeXIBeOT
621,EP - 621,1O-uUNhZb2TzX2PHhKiAfWcAyxErgCMb4
622,EP - 622,1u4OEjC8ntLydsXJ8cJGykY9KszrQXZbR
623,EP - 623,19kVqZQ36tSfQrGtXregOpPY-AIbHV_aE
624,EP - 624,14M4jlH291oS_J3djAi99CMVA1TDYYxo9
625,EP - 625,1cdDckxKpVHzC6XkzBzpPMPP4bsjqoXRA
626,EP - 626,1jlPO8lUmZtCcP6faMexwz8Qn1NsxCRVJ
627,EP - 627,1qptJRXQ-5SQrZXJU1eL9U6QlVNcnE3GD
628,EP - 628,1vCoAsQryC-mK-WB-_5JUHpG7WIRv6nIo
629,EP - 629,1Pdv046ZkQfDSOOWa09-y0LgN0mhR0x5p
630,EP - 630,1Uo9zbJuUY1s1OeBZ7YVZTrGsm1RH5zQr
631,EP - 631,1-d8BZ-vzG6ZhHcFOnN_ZfC7k2cDtlF5y
632,EP - 632,11oZf1ih2ckHONShonLndSuKk39H90_nA
633,EP - 633,17XGdWJjrW-PC6IajRQP9h1GWRjRhgbru
634,EP - 634,1NhJqhErYc-enNedzepYgV1zJLwZykd1V
635,EP - 635,1Z_E-xfshTVbJ2YjWQJGb0e1kI2zj8AcB
636,EP - 636,14clwACgmhK1jdczi3BnFtyKxkvKlZeY1
637,EP - 637,1Bx8Jm2vtZtODvakatcqw8ufU861fxyG3
638,EP - 638,1V44u57HOCp2EBYELo_WG13IxEMp5EkLK
639,EP - 639,1rtyrqI5NF2toWeaExaRUFZ7kBgurJZIn
640,EP - 640,1Rwg_PxsvxO6sdK6ALLCCI1pkcTukjXaQ
641,EP - 641,1SPT5KJk5kgpMyWoUvLMKt_uxHFh67dJS
642,EP - 642,1mg147BYEbC-hytrlgIS6en1ABEorw-_A
643,EP - 643,1U0N_MS6Sy2SaNOyVokQnSDLCSzid2f_T
644,EP - 644,1YmXayNShlkcEng8WVlZYgthfjDUU3EON
645,EP - 645,1SKkM-lKFx9ZSFJ2oVGxHrsbj0QNgBn7D
646,EP - 646,1Eb1iyGNyRiBElm_MQeussAsbEa_mGUma
647,EP - 647,1OngXLECkn9DtKrXyHcLzpnrW_csj5cLb
648,EP - 648,1QpIC71NPtUeZD9L7SZQzXohseg3RaAX3
649,EP - 649,1haFClSqyeql3He-4TpwxdlZBpWAF7TaV
650,EP - 650,1Dm1iXBsgS0l-8WzNWTPOzfE23cTYyVkF
651,EP - 651,1LLkqdcDDYM_1CBQXX_dT7Od6Dv_HUm2w
652,EP - 652,1v-ERYCWYfKNt9fJJdRiiNq_73JUwNrzj
653,EP - 653,12BUW8hoO0G1TFO4ouM19IuWMHQm95sFC
654,EP - 654,1ZuxGhoUJGpfnq-fs2mjkblFq4Zal3Hnr
655,EP - 655,1gQeVzYsXenQTm78BV2_LUd5jQZrPCpek
656,EP - 656,1lJCbQcFAlNZqYspCytjtFW9Expz1eU2P
657,EP - 657,1OE0T8BmPJpMPdu-OHlIeWoRDe66LlDlW
658,EP - 658,1rbGytoh7oO6vwLPQ5sofHX_5F4-5aQ-i
659,EP - 659,1JmHOKGXuBOCsqu9HpDwlcexc7qUZBu_K
660,EP - 660,1jAo7W0c1yblb_h-muZz0hp96E5_urYcu
661,EP - 661,1sgs2kFdWTun8O0zTIS_36hdr9cw80Zzk
662,EP - 662,1ygCIVlKdyYD-O-dlDOPTQy20v9iolHLu
663,EP - 663,1h61lnR6Xd3Ti5LJA64QYwyCK5cgf4YNe
664,EP - 664,1eHxw8ec53Sn7UsSdJ0nJ2P61pEIxIu13
665,EP - 665,1niSxIIgrxvuI60DsYjfNYEHTvY5e2ktM
666,EP - 666,1SXLR4sfgdD4nD7TxVbXMVTdO8qVA-2lW
667,EP - 667,1hd8WPJMZyDeCxsR4D8ifEnDNGvzE68c-
668,EP - 668,10fk-R7-lEBAFRChiO5q361uxP-QkHAWh
669,EP - 669,1v1LlKUO6HnUJo4LMmFQo3pcJE9jIZ8v7
670,EP - 670,17_k-1SGABjeGU-XZanUZUkySi2gekqZQ
671,EP - 671,1nogeuTsFSbFRU0A2JFNxiV5TpUKI5CNZ
672,EP - 672,1XIE2h-E4eHuMhQjD8TDFFWUAmKb92UZb
673,EP - 673,1LImD0i9quRGrjnxl7waFOupuezmkVhgT
674,EP - 674,1gwoinzYxQnVIXKDTom6xQaB4LXhxQLw5
675,EP - 675,1jsuRH_XPnUMI7WeI9xHZmK-iEoFP04IN
676,EP - 676,1RqSE2zHlW664pVhXpvosb5G0e4aT2YKA
677,EP - 677,1R8q_xiR_5Ln8PxBLsVxNhGXm-OgZjm-f
678,EP - 678,1e7H2VFfxjfAabgvQ1dmFdAbWyXOrExtq
679,EP - 679,1iacozllN3RvrXQqLR1zFzg4833bB0nkW
680,EP - 680,1bBhbnDkHV8hc17eEZkiyxO9H131EeUTq
681,EP - 681,1em2u20NxdBVDTl_Spj8oaLnDgpNTeoj7
682,EP - 682,1UXxwLXyMV1SmeDMleugr685Q053kvpTr
683,EP - 683,1neit4U_fjW5Oablwlm6_yp8b5Omm90EI
684,EP - 684,1JHawd8PVVwQP4kovDn0dIjo9QtEIb_Sa
685,EP - 685,1ll7nywIEDfWsfZuHYUoE1UyDj7NwoeKt
686,EP - 686,1FxNt7R2l3kYV8AtghnifZ_QVNRlUE7HV
687,EP - 687,1AXKlvg_NAhY3MT9FTGP_Z8dpU3dcaoRG
688,EP - 688,11E8qra99ZROACGAou-qUL4MUtIhiJqdl
689,EP - 689,1OlfpmLVHNZLntU7jd2WN_zXyVflV-bEc
690,EP - 690,1gOaX3srztKPseuIUK2afLpSzO8jBW3ep
691,EP - 691,1IHM-8m_7s-zLJRdBpDfF5AUjb7QKH1PV
692,EP - 692,18ndkHriPQ9gtoiDnVxjjkSPtqZg41bf1
693,EP - 693,16BvQN3VqEdQCbCgzA0gNq4KnjfblcgNJ
694,EP - 694,1DYxQ21e46VDK-mhrIujEVWKTP_8MwSdZ
695,EP - 695,1ZMKg4AFIm0JH9maoeGS6XwQooykUWK1v
696,EP - 696,1QCzB9_-VeeVgUAd9R-wws4GAXSDO9y15
697,EP - 697,1FSGXotgrWE1F0LK5N8jPN6L859Ns9zYd
698,EP - 698,1-5oYd8_0dNeOgqaVW6Yp9HEG-kqauQKo
699,EP - 699,1zXp0P1Uo2clYdnXdo4KqbkcgldMjpECw
700,EP - 700,14X5u8X5yNTg9rPsC4HCp_hQuNs4BWxX-
701,EP - 701,1ZwUXjikU7C-97dhGz7Jc1Agp3ytBtNag
702,EP - 702,13odptbSK6MvyYGhk-l9LtAMX3Q-HUACK
703,EP - 703,1483lQ1Vw6RkXwa0LEYTUAJhqNTtM9vw-
704,EP - 704,1wYA__RhccID2tPtDWBT7r0IgC7vLiobK
705,EP - 705,1iN5RfGlQd4bOkMQY7X5tSFAoIc7Fm2lO
706,EP - 706,1DFhaCphoslKHS42zae8MDmghrfU0mOc1
707,EP - 707,1-kQSCUj71AdUBTaFgw4v8kTyO_z1TjAe
708,EP - 708,19CSeCNTG8IPFdeUmOcb_pqVJmYm-0Txu
709,EP - 709,1wi419mRDJAitmmMb91JVOQj94sWLE6bd
710,EP - 710,1WzPEiAp2IsglnQU_pT4sjqpT9KwbSOMp
711,EP - 711,1o-OcpFgRSYHR_VOlJQZsPTgOr4r9QNyO
712,EP - 712,1TQJRdvxSqojN4KBjWtkb0LIrQLSHnvtt
713,EP - 713,1c3Ih0foE3CMbzhQ5S3gzRZFKla5LqYyB
714,EP - 714,10b2ISnRylwChxxA4oyQ-1NwRiYuQlhrj
715,EP - 715,1cKdf6k9GUKRMOI8Nm2__1FqgT0IBPsPv
716,EP - 716,1lZYrbfiAyGaz3BKTiQ2bQB1lnx8GKLTk
717,EP - 717,1OC_eg4-T39eFgXel2FamQP1Mi31FLwOa
718,EP - 718,1cYVSlV71BKPlKKLiyR0RFEeY1OBqVL5V
719,EP - 719,1P2lQudVipbBkeWvWzG9yqTa639Gc1hCl
720,EP - 720,1iipicZIHrDnd98KVXYk33y9YRkNR-BRg
721,EP - 721,1cc1uiK7ppQngQXcqYWv7W-6Zd0xs2udd
722,EP - 722,1qSLn6gl7sgOUo4XpsCrNc_qIOoX5zhev
723,EP - 723,1y-9Hnl16CezJRhzmwHFfhn6icBy_bNxf
724,EP - 724,18TQop4uJPN5-eVPI7kas90JQIUwb4Oab
725,EP - 725,1fSvH7Ha757dbSYDepI2SPDh2X5ohwr-7
726,EP - 726,1Qs_rylFAYYjBwzTGfkWdVpi1j9U24-4w
727,EP - 727,1VXjx1rXx6KeMNKjyXtRX0MpFRrCuYvqa
728,EP - 728,162tWQMZHsuMqZ2s5TV4UxED3oJ0LZdpe
729,EP - 729,1UnqOsu_IKawetJaglRJIaZVRxTrHU_6M
730,EP - 730,1NWm4SnkRZu--vQzFdD6FkthJyb-8q4jL
731,EP - 731,1qxAjqcDS1TmMd-e63jx_pPtY5LPSWRF7
732,EP - 732,1JEt3r2HVqEKOQfjBYr9Rp7q1VUimfps1
733,EP - 733,1QhRCk9mVbefhkCLyqOH9ayHFzLmPFYET
734,EP - 734,1wJMPmscKCHIC5AbfKVGISwAZ2FEvAQ70
735,EP - 735,1vSSmhVhO_f2L1KI9HxlxT5mEH5K_RimC
736,EP - 736,1XycIoOQIngTTP05Tw_pamHRkM1G0zRFY
737,EP - 737,17ZW66g5U_a--mwYtGmucXOueR4s8c1DR
738,EP - 738,1zfOX1kxvm49bs9g8EPH79ftCYBvATg5h
739,EP - 739,1CcE5FjQQ3F4DSUHvAlxZy3bHygc1ECPc
740,EP - 740,1AEfYkSRYOiJIXVyyvqguiwk5vpC8msEj
741,EP - 741,1ntQyC_0JozWqoD5PAPbm_Cq3xR20nXX2
742,EP - 742,1uk3X8h6-NokPWm9Tlm_CjOkL4jzdx8Vl
743,EP - 743,1anaGikLXEQAX-6WtZ_TqWdjemv8EfBPf
744,EP - 744,1LSYq73oTYYRjTXRyo3i5afkU7-xoOt9X
745,EP - 745,1V0omkgHHoYr_tISECM2P8_0ljUo6gXs9
746,EP - 746,1CeWio6Wm5CSs30KhpgSMaK1-Ag7go39E
747,EP - 747,11V2MYCRRsdkbMp156C5l3QYYbq_wfMIT
748,EP - 748,11Pv8lMGilJQK3xw8_0iC0KZIo_h92OdG
749,EP - 749,11P3vQXMOlnOE7NRTR7BwYJsBid8bVseq
750,EP - 750,11FiKuVOYVjhnLEK-63E0Jj0TJxZiLrdB
751,EP - 751,1-142ea7KpSd3ujvo49kDgFDH1MjgS5M6
752,EP - 752,1-1BK3GkI0ySKD6Tr8UfVGJKqZftZZAwf
753,EP - 753,1-2vz89ACkTO0kBB14BkxwCvfZ8Z1he8T
754,EP - 754,1-3xYxXoo4KUteH8rkgABmsDNuvJnVYuB
755,EP - 755,1-5-wxl_swZY9joZ6qNjW1vUiqX1L62Oq
756,EP - 756,1-6afH5wnzsF1sV-SFsS-CT-I-1hhLhiz
757,EP - 757,1-8TEh8rcnHkW-C1aTxvllL56bEMoUOga
758,EP - 758,1-9UQjDxeWwm7IRZ2qeE55bIrcOrFda9w
759,EP - 759,1-EUEoqml1dHyzWQzOyNhq3Rr_r82z58x
760,EP - 760,1-Hy_pzixSgZO4vyafEe4y7-6k-vLQXcB
761,EP - 761,1-O4T_Z5Xje6eI86aXL2RxbPLXYslaCoP
762,EP - 762,1-PfQNxKppM7uEaHR1yJXRd47UOYsIb-q
763,EP - 763,1-PsDvayWT2-BRg6FtYBnDn3qc78YCiXH
764,EP - 764,1-REGCWJcDa5xQMWcWx3JPeWt9HGv3Ugo
765,EP - 765,11V_xcDFrcBFD1RCzE_IN9P20ZyyytGkK
766,EP - 766,1-RZrxVZITEKJX3fdHBfuyQyd-z43ylt1
767,EP - 767,1-SSIdr8KcvVHo1iw3CJUQePu-Gza6YE9
768,EP - 768,1-a6mHwqTnw1EoeBvjQZO90GAHjUzmmKH
769,EP - 769,1-chxDet56IyK1wZcMRQrUOsfUqxsDuMj
770,EP - 770,1-e1heBtSEo4Y6R_lQLDD4weCuQq8GR2q
771,EP - 771,1-eGr2K6-4ZR7nMK6xBjjCXEyGfW3w2RG
772,EP - 772,1-gRAU95SGJfUPo1w4nKeSVtK81icMiRx
773,EP - 773,1-hTUZ2ZcPnRE0R4vUyOIseSLC_gaQxD_
774,EP - 774,1-rFZOaYJGmKKhhUcoFwIifr4cI6L25d-
775,EP - 775,1-t-0q7dN_K8dUH0Z5FUCfogtZc1GNAjP
776,EP - 776,1-vnxIw7g7Yx_BR1uO067DtKPLRAO66DG
777,EP - 777,10AnjrPu6d3iDXR5w3vrztoDRugHvMNlJ
778,EP - 778,10CKlR9r0SwUPbQDKAoqpGRNsCY28Xh7M
779,EP - 779,10EH5KZ5e-wIBKGq4DiUZU5haiHrMi6kx
780,EP - 780,1x1EQd6cRuHK5d_OwTht-piFdYEnAnWgT
781,EP - 781,1ykg_CVkWNCALLgLjRjgS8jEaRDj00aRJ
782,EP - 782,1JhXio8hFfC_JAM4AnSDAccSvxuz9M7jE
783,EP - 783,10GQb6lhvFvKrfA-LcknbyYmPbqg2LmJ0
784,EP - 784,10HQ7V20aP2PcdYVvHMqnWAkRLAPh7YwK
785,EP - 785,10I8rHh_a5v171XLyoWcCRi4zDCNXa4IM
786,EP - 786,10aAALyMDN4K6ojYCy3lp3K4xA_PQOQRM
787,EP - 787,10cFyp2aPQ8h5SZQB2Ie3C6dVQq1ny3Eq
788,EP - 788,10hRxv0FSLi9f7wYi8Mp548lQJSAY2dow
789,EP - 789,10hY6F-t2zG3-uq4FsV9FNZLMyFAPlazf
790,EP - 790,11aL6wRlurupWd7P0FMms5eaurr4gb_MC
791,EP - 791,1Dh2KTbRF2zfWw4cZ3zHYsnPknz8d8III
792,EP - 792,11eWonxW3rzrYgjUV7i4L9cAPslcr_lyG
793,EP - 793,11zyLu0LNCl1twdiD6Oo_oWHhwH6JArIu
794,EP - 794,11nhQW-1Ar0vSrioIsem77-uZVnrveV2A
795,EP - 795,11rf4Ow8GkvITciqJrkE72zzm176rmlXg
796,EP - 796,11t1rRZoLgna7fiIiOpiXs-mp_84oI8xh
797,EP - 797,11t5o7Gu5pZ2yjIm1yboILepgQHh4OGF2
798,EP - 798,11vNOqWdo-vRKXAWKRCbAUiCLGSGLQJ3P
799,EP - 799,11wq9UYJ5j5wMcy4QwA87ustVvjiWS8Yn
800,EP - 800,11_l06BVg5L-2p5pRFaHSADyLCZf71M4T
801,EP - 801,1A3hG5M3sBfCz4xZd2iRVHOkqIVr8S4fT
802,EP - 802,1sYeVhzC6hWl1_BH1Io7yp8HOnWbfBDoS
803,EP - 803,18G5GJS9sKVmxXcVk1I9PYumsZ3gvgg5W
804,EP - 804,1RZUcvStWaWgRG36y1T-tqlXdqR1zCzGq
805,EP - 805,1-2qkAYoDbtocvwVCP3oFOtVus32t7uQ3
806,EP - 806,1EID0RPDNX0Z0z0HtArk-XNDTJmJyS3o2
807,EP - 807,1C-LO-tEnIbOkOTm1d-QEoH4Hoxcn5iIA
808,EP - 808,18X1hI6Jy9W7W7wltEcI079ppVcZDSCUm
809,EP - 809,1czvdlBVHRSX3s4n4hhuBQ-ZTeEvJV1Iq
810,EP - 810,18ALIr-5-CK2Ha14ffB7KiL5FWh3nswR4
811,EP - 811,126uwnZgQ9HW2t8a8j-arLlEMa4cQxaWp
812,EP - 812,1iMFHY9AdVWd3UCt4Fz5HmbdCgxal-xAW
813,EP - 813,1CXfz1euXauSuCmbIO1tjeb06wK-zYGEV
814,EP - 814,1igGC0fI3FjPmAfjOz5ZG4eHvE8hGdn_F
815,EP - 815,1N0ypbpRpdtzxT-PSp99q0gmub1I-WQmr
816,EP - 816,1ppDh6XoDDUXeAsMzXRRrDypcugf8MQPA
817,EP - 817,1zRgh4Eoa9Tn45RP41GrB2YzXu6sl5wzg
818,EP - 818,19enlEAwkjUZsih-EKHXYJgRiabj7scgX
819,EP - 819,1nk5fpaSKQMiPqlslLXYKrcAALB0kI1VZ
820,EP - 820,19spQb7EssksNTBoHk_hV1PTwVX-phzRl
821,EP - 821,15GEVfhCc9GRbg_Y9KhCM8xXpZTjM8Qzo
822,EP - 822,1UMndS6cFdRECpiugBcjZq26v4K9n7AZ6
823,EP - 823,1_kjkyWuIj2iuEP9R7TkSYtJTzPHAMw0E
824,EP - 824,11bYSTczI8lHEYC-31mPuVOm_ep6N3-Sj
825,EP - 825,1Qkr1qWg5ZelQ2bUyU2cDC4sK7YOMQhkR
826,EP - 826,1yvuzVEFMhrTcnxvNT6HrofRwDTKLFHyf
827,EP - 827,1TfL8OYefu8PJbO-KCjJqciYCLP2xkX1t
828,EP - 828,1-LodlzX7VZKFYsliW56NU9dIoXXq_9cA
829,EP - 829,1Qj6DhuATq5kQpFi6D3oEryApFoWYqmul
830,EP - 830,1Xy22KL4eq0aW5FFhJjnl5HLO5Bs4QmHl
831,EP - 831,16rCQL8Eu-a7CzSnwTQOI2-zZsDVPd28y
832,EP - 832,19ZnOjEcz6I2mlAGjmSPn_zixgBs-U_h4
833,EP - 833,1KCULRuk7zs_hdWEOYiwseEQUtH11tmhr
834,EP - 834,1kpnDnYDtoIfBiYp--x0WuCEj2pSVqUkU
835,EP - 835,1ppGsj8joi8VBaDDaI8WsAByba2mmC-__
836,EP - 836,13oqLVs6uBePY5rICIet0V7-aMdmw_KVQ
837,EP - 837,16QYwBnYN2lP2o1JfJVmQ0ceez6H8cHF1
838,EP - 838,13v9wz-236y1jhX13ye9U3mBhKtetcPr9
839,EP - 839,1y_QaY5EMDN3N101l3yp20qMf0kTrU5CK
840,EP - 840,1fbkqO5r93KAA6MF9ZV4yCgMSPegUHRyu
841,EP - 841,1Q21Pu1VlZMW1VGcATVjRCoFXyM9hkpKj
842,EP - 842,1WzAhs1eG-po87150UFTzznlI4oAcc-0e
843,EP - 843,1AegAWsa0CCVWdytbiQFW3djPCI4-chVl
844,EP - 844,1wvn8TpjJ8VbLnQZXd9FdPB-jBOVkF_99
845,EP - 845,1vH2y69-K_KXy-QxbWAD5qjfAylYKdHii
846,EP - 846,1imW7H9pFdS-uG5NlGHZMF-_kCSnqV-r6
847,EP - 847,1NLUzHcqM_rRQtUXI7hZGtjS7MicqQkeS
848,EP - 848,1JG-APPrX7xN21QfyIIGx8c-rmVRWCs1q
849,EP - 849,1ulPWDfIE1c4TBKn6On10VSBzbBrHB6cY
850,EP - 850,15Q04s1M1I9RdM3SiWIzpRYfvaps4WiD-
851,EP - 851,19oq7KWRPOKk4MbClwznYKtmYPB910YtH
852,EP - 852,1n0f16C0PgK0fjWxVs4aumkgwCmd77LQK
853,EP - 853,1WEiGOBJMpgx7Iv7uRTnPDJ9pCWFKYvmh
854,EP - 854,1ZTXlD_39zS3BTB0lszNfOKbHdExalz29
855,EP - 855,1Yw3gJoj7nDVeGaUfcpWy8XTy0clHc7ZA
856,EP - 856,1eTKV4agYIjwWXFR9gjjDLRq4YrMR2FVv
857,EP - 857,1w4UZ3MHaFtE30k8_neRI6mShDGcKHFhf
858,EP - 858,1T91_XWF3Angei3du0dgJTObl4locwuUs
859,EP - 859,1j20Mw286Qu-4UbTd1uUR9kz4mqvYKzkj
860,EP - 860,1lFySZdOy6Z29xFD8a36lRotZ90j-n-uq
861,EP - 861,1ARahsP2nYixvmLHuDXGvvjLh6kvSrzHP
862,EP - 862,1LNcGLQXOsG2Y0Je5gf7kAF-MZNXTWhn9
863,EP - 863,1XCjGer1yS-yEJVzRz98aWfZtqgyvFcFD
864,EP - 864,1mg6BEc_e-CrIufSxi1bWWr4fGYiedBD7
865,EP - 865,1epJHuRCMoNkZzuLXXXHX3AthFx5lQreM
866,EP - 866,12P05Dx7cc9bRutbvAcRkfDUZBv8uVzgR
867,EP - 867,1RYv4-zzZdC6GdzwNolslDxUBf7z6Plyg
868,EP - 868,1bc98tTgRur3qybsjWsyogqkr1EaMzAAt
869,EP - 869,1Fy2pnJKIZx7wJa9mzYUjaezPH8RKIpXw
870,EP - 870,1UzYm1cGGYSlhv0Wi7pFfq7ky5CUkwkw4
871,EP - 871,1M5WTEyGD5MTk3QIaWkrBLDFrT9QjlRtn
872,EP - 872,1fso371CIhXF-M-mEU_XFjaVBRH7cyn74
873,EP - 873,1Ku8_8mwIZVqc5bh3GfMJsVGaA2x4sc4E
874,EP - 874,1dSj13Zc5tOeKiKra40mXdFrfiO_L8OYg
875,EP - 875,1ZLEGoJh9wvNnkDyPwDSWwEIFmN-rZy3A
876,EP - 876,10cemWd1omqaOsfDkNMpTjAgdVhvGwJJI
877,EP - 877,1USe0bZwTnVRBmdoXQWnuqehSzHDUsyKK
878,EP - 878,1ad7WZ9o_X-ON5BI-dpifYSbdGrWKJw8h
879,EP - 879,1Va5Qqw7DU4-H-tQQzwIxZGwgspBwF8au
880,EP - 880,1byt4Sga6CTcTGmtljfYuzIJlnqVH_n0G
881,EP - 881,1iIbXSPtN1wyIzWGqBzWanPXEHjN6I_DI
882,EP - 882,1wDejHSDtwHD9CdRLFskAbizTRctsMQg4
883,EP - 883,1yk7UsUBpcRLnCZgasGvaq119POW0b5yE
884,EP - 884,1R3FGuW_veH8_spo8b4HRKqw_GsQvhwhc
885,EP - 885,1QbiaXtumtKl-PS8VKX_tCLflXb3mcUFP
886,EP - 886,1EMPdAIfPHDkjSd0UnrcWOQeDRzKhTJI8
887,EP - 887,1clcsRpe5yRPRkzCK_aeZbHwSjuFhMhny
888,EP - 888,18SBLyOdDI9C5C3UUE4IyEBOZ7UE_c6CL
889,EP - 889,1BVKl3uZ52-THzz2tz9AesUH6SMk9lYdp
890,EP - 890,1xoZ9oeUbYP1tpJYs2drqONnhFj9fhexW
891,EP - 891,1KxcvyPw27NwFCdGAWyzeGKELsrMEQZLg
892,EP - 892,1e6wUSDh-a4yV-x0ui1fTymSc_5-McpQd
893,EP - 893,1_WmCH7G0kmX0vmyxJLqm-zDZBP96eJ69
894,EP - 894,1SJVdNKTM_CqBudCNh6L33_3axuL0EIu1
895,EP - 895,1mvaVdtgUrBsyb_-xBxCr3RvMiyvhPvLv
896,EP - 896,1vMssz5RmVqmqxHrYlFfeRaFyw-jJpuGu
897,EP - 897,15F8Ww9cqNbe6tNl4avhVsGCzkqaWrS8G
898,EP - 898,1WDkXw5LJRLRz1bKjzChGh56YoApU6PlH
899,EP - 899,1FFAernGIxK4MbbW7Bvktu37JSC4Qh1Lt
900,EP - 900,1Zf0CUumPMTo3KAmVrfQTQmy6JWGgr3Ez
901,EP - 901,13mtnxkq4RlJMtqq7pGIv8fot-aZpcHbu
902,EP - 902,1bhtM--PWqEm-jfaRoNP-Z0QKxJJXZd_f
903,EP - 903,120HFIjivF8AkId3_Yd8Ba3xi_DLGF-W2
904,EP - 904,1OPu28vNvUtiG8mDYkjgmSemF7gEdgDW8
905,EP - 905,1Uxzl5wj_nFzZQjYTbIbRpipBij-9-_XW
906,EP - 906,14Pqon_X84qP0gziL1C6cyAoxAmxxyMRm
907,EP - 907,10pZgK7Dt9TluTZr2CyVAx3RydKmIcStG
908,EP - 908,1L2fkswXhSUQdlWpFxMzWWhTJk_kZL5vX
909,EP - 909,1n4v2TKMVU-qjj2PaGZCkMJkg2ziMV2fu
910,EP - 910,1Ugom7mHwFuGjb8D0xUtS0ADO6fEgdEPK
911,EP - 911,1KMuei1oDu3mCNBIBHd6quajj0xJBLOjc
912,EP - 912,1DXh7-dp9xb7o69JlkFnqLdY-9n5ExhfR
913,EP - 913,1tQUcqDQ4O70A_EaOhAyLxCkdsmqlDXKf
914,EP - 914,1uOyrcn0d9T2J6v--EDHGTYWPT8XdlY6e
915,EP - 915,1yovcOMdz2DfrjTzZB9Cn3j3HOP1Okhls
916,EP - 916,1ZGtd1t9_5Xzymwpf56hqZ3c_gcDOKg0e
917,EP - 917,1aZFAYwB1adeIW3f8dFnokqbtQY-3acpo
918,EP - 918,1tPax7sEBoDW-UknpLxjqYXLXFlbYz_fs
919,EP - 919,1urVJ16vmakNJNkC1cNetJiA-8CtUtrff
920,EP - 920,1-8J3z3E44Aso7WOgr7kEccbwqtICFuuq
921,EP - 921,1VwiihzLKMWnvKTzed7Q3zgnRcmHW0tvZ
922,EP - 922,12VKWiooBjjixHS38kynlyw5AGyv9G4r3
923,EP - 923,1ml0XzFZx7r2QhU5CrY2YvsZAZhkmGbfF
924,EP - 924,1i-rKWMj4YH6WPQhkwqhW5oihHEcVa-eO
925,EP - 925,1aMVobohTkw0Ry0zbJ0_8B8eHP7LaB8TP
926,EP - 926,16P5KC_5jl2QD4aGi0qfKUoEKe4hqmc44
927,EP - 927,1dhnTuaQqFWe_MUvr0WJBdwkaxRiCLZkE
928,EP - 928,1wb994dpWBvBMrgz8f29gHFLZLLjFIdY9
929,EP - 929,1CWKWfg2WRJgUZUPtIF5lQdY8rf_l0l8X
930,EP - 930,1JKRuKmHe4LszliR6g-pErN7PNFPgJ5zF
931,EP - 931,1Gg7fniZ9tRU3OK1jHwAnsp22_F7jjlpN
932,EP - 932,1dZ90Igp_gyLng5ROAXdMUCOLTh8vnd3l
933,EP - 933,1limSCIHmrOSgR8JM9XpFXUF6M7ScAiM9
934,EP - 934,1ag1FKBjcb2IgK5nc1mxgwzmbBORGZQRZ
935,EP - 935,106kqAiom7GrAibkBYHqkAs8R3SOkCXmw
936,EP - 936,1r540Ng2vVPgzc8198TAJ94diUr4jn4E3
937,EP - 937,1m5l3dks848301Wdm2dKj_wR-rWbe2YJ9
938,EP - 938,1ucd9GR1xMRJ_eXj5ADNNQtHfeXZAUYGp
939,EP - 939,1fUGPksVAmoMjiRNz7yninzTKBVZdEY_Y
940,EP - 940,1KM_iqEShWUWa6uUhJYVu2buzJrbBfJjA
941,EP - 941,1VyM8nfprSlQ0p7uwgwaF-Z-IgYtJJVe3
942,EP - 942,1VM1AwmTcyHTzPWQuh73luEr3s4va6K1D
943,EP - 943,1UQ1zso-wDHHoLI23DiXXMho39TkcpAVp
944,EP - 944,1hZEKClV7Kmc2VsBc_QJsvGTMLKkiSw1o
945,EP - 945,1y6xl2KqQi5MHn94eGSB4RbDTsnyIvSSD
946,EP - 946,1DbS7mb4b4LE7OtHOiQRJlDBQASKCOUQ6
947,EP - 947,1UYw94spy4CetRvg760dnGpLo4_WAFVi9
948,EP - 948,11U059cYpL9sbxUTf0RtsEt_HUXI8M-Pb
949,EP - 949,1yNQEDa1d8iRsey60doJUhojRyonzB6lO
950,EP - 950,1dxqAZRTp5vvZ4L-hujh6oQl5lm4H3xnt
951,EP - 951,1YbK0zMkA0FG1eQVim9v3cnzqYZeCENJa
952,EP - 952,1WZy1ZGZo3woTTWvCx70qR8sY83JXeNWV
953,EP - 953,1DDAMjmiAXd2DoYSpElrRknRwavUMPGZW
954,EP - 954,1fpOh4haUU546E6mTJmLh4XdB5ltTlkuD
955,EP - 955,1-n-Em1Yc_Crh8ziigjm0ICMKqhimA2BI
956,EP - 956,1ATFwyYfJNZaklvonP1reyoLOiLLvc8Xh
957,EP - 957,1WvtrU9nh7VPyJ3m6FhVe24NyY02xBZQs
958,EP - 958,1m5ateKap9Z78tYMRJM33cSAHGE18qiUj
959,EP - 959,1CsxLusTucOo9eXWARWbkjXwXCWcOd5P7
960,EP - 960,1ndnhiLytUsbhH2tElKb8ToD6gTu4g8uA
961,EP - 961,18MZ55nG1sWcVJ2itS_JnmsRX84gnK17C
962,EP - 962,1dxb5CV1RF2mlY46tPrfgXW6vv-aJKh3k
963,EP - 963,1x9oKGj9RYZtzwxEKYeeFy8sFxsh86i8v
964,EP - 964,1H9q8dkd3NMD38EBFa4D-6deUpWuJ1aoE
965,EP - 965,1ezvvKbSgNfOSujHM3hXGFM8JJCgJs18B
966,EP - 966,1LZzrS6qmoZbUlKGkCfg2oql76cDe0L_i
967,EP - 967,1JF7XNfL_Swi80oMHkNAGxluupnGgZScP
968,EP - 968,1sw4gGyCjORdV_s3cT7N1bPYvR8B3NXBM
969,EP - 969,13RbbPTnyTHygPeqP_ZtkAnv1FhAG_Lmp
970,EP - 970,1eKDFtexFw1w9PaEUreqzWA5miDvgukEo
971,EP - 971,1uyPxXnebtdtXRuRyCy_kau4bF2jh2TAC
972,EP - 972,1O781nRaBH0lNm_3l6aFnddfxoM7y41eX
973,EP - 973,1h1C-WgffcBprRQzWYPK5g4luxKUwG8YR
974,EP - 974,1v3obTp5vdJ5zWbNdqHcoFn4JEhLJL57z
975,EP - 975,1T59rYyFGMIjnYeo6vnU2_dMqCmpy1eHo
976,EP - 976,1iEuNRAwKBknriQbt2iXHNNeHuuLfhhb1
977,EP - 977,1TPxhNZS-mM7Tmx8H-q0iUu_o2XWwbebo
978,EP - 978,13dMpFLH72fOAr1lzYZdDjw6mtqiKJ0V4
979,EP - 979,111G4FFq_fsZqFctq_Pnku289JQt6LLiO
980,EP - 980,1zXdTwhnv-f0OBQXc95eX7ulgTl_Hn9kQ
981,EP - 981,1jipN7AXcm5VpsI9CSYg-Ovh2mC7aub0Y
982,EP - 982,1ZmTd2UgNWG2SmSc99rwzuMJ0q9yDrqk7
983,EP - 983,1DfKNNXKK68o5BIfTW5fpqA3XXVdKg2Au
984,EP - 984,1dg9sGIme-hmvnG5VTzQklqEqBEXMglzC
985,EP - 985,1LgK4q2MLMBjA2sdiS_-XMZBbw41flrhn
986,EP - 986,1HALnWzgEjgg8ePc2omiIt9yQG-iEz11l
987,EP - 987,10MgTQAKF1XO4X1yLiV4JYiFRp-mib3L9
988,EP - 988,1xY-vJ9mf1inZTedLF6vjrcbf1gvhoTAW
989,EP - 989,1lH6B1ThSy7k7UXbTtJxqkfv-VZtkQXjz
990,EP - 990,1SjveEM1W_BvgzPFmJxcFN_odmgTEJsbs
991,EP - 991,1wP7n5GaBgiWLeTnH4-MwglZfFjcovj-S
992,EP - 992,1h4eE5HGwwxc5zFpoIZmyF-1BiKEWRwAW
993,EP - 993,1UlcMjGhmVkc_1799sNwVRxZ6LRmQB_tj
994,EP - 994,1vBTgT0-9Hmo2bBG5wsi0V_unzP2BRg1O
995,EP - 995,1V8zIk7A2RJ0FhbcNaadLvdcHM1zWURwO
996,EP - 996,1plqaxXIP6pTE0QyrQKsn5YaN11dL6E0_
997,EP - 997,1QnQl9sILPLb1hKTgHpBRQd-wM3HVztUR
998,EP - 998,1RTRtA-PQIK-UZVoPK63cZhm8A89-OImC
999,EP - 999,1FF5jYSX4ytdKRaw7d66TVjMkfJpR5j-d
1000,EP - 1000,1DBcpxER_5NVh6OLU2pIyokYLUISgJ3GP
1001,EP - 1001,1mk8v39ya1XWbkeZSMfmRxvIu38-LY9NC
1002,EP - 1002,1tFvqHDTjG0ew_IlQxk0MGAoBmovJRYgD
1003,EP - 1003,1hVuQqoJCDtX9Z5SUUQK1MThMMIUsllgE
1004,EP - 1004,1JsEErhHFI1RY3zdZK9YpUjSOHX9a2XkE
1005,EP - 1005,106RtxNef8cfL3Rven5lNYxOYlYwHZen7
1006,EP - 1006,11BpRyjhMm21mBQl58hp_V1-eJ6uCC5eH
1007,EP - 1007,1wPNIvlSu7d_yttfPNs4sde17jqDMA7Lp
1008,EP - 1008,1au05L3NC-wwKDi5neXbHpNkjyq1LUOK7
1009,EP - 1009,12os9_nosLe2FLxKwEDiLPREn_5I-abqB
1010,EP - 1010,1mDJKOindu67BxHUjNPD1aplUUDZlYj95
1011,EP - 1011,1akP3ELD9BDLy2eeXODm5xE9UDMQmuXpA
1012,EP - 1012,10UzxDOngD9PHAvpXgMl9fRDIHGotfwoP
1013,EP - 1013,1mOLGsehv1Pjd17xXjRFaMmSYb12PtzNh
1014,EP - 1014,1v62k2MonB_DR4whdLOFMtSEYiXyh3ghv
1015,EP - 1015,1rQ8GD-XAuMLjJ7cPSN4ZbiI3hcKYyCqV
1016,EP - 1016,1_9IfQgX8ZUef3Ew--AYsYBVLOz-V_C3H
1017,EP - 1017,1Tvr4f4dzpVgysbeYYrAQZi7siItbihbP
1018,EP - 1018,1y4T8q5vHx4-Ub3ywj0tZFXJ1snCgPJ--
1019,EP - 1019,1V3jjp-ZG28dqzPCjtwUp3O16CadVSD6C
1020,EP - 1020,1CSca46aUrLjRwxag9-hJdtPSrymaqDgw
1021,EP - 1021,1qcluSPzCvBP7CDcsjKI9Dy55X95WDxX7
1022,EP - 1022,1ingl4s5FXWVjczzU56oAGhyH_r8W7k64
1023,EP - 1023,1cUMgP7tD2h8bLVziJHDVps0RCZiQbT_3
1024,EP - 1024,1QCED1Ikehj0qP_NgF2yQCEvcprqBzTBr
1025,EP - 1025,1LDe7H7dNm_xxQCBAmSuxZjO3BJVLUAOj
1026,EP - 1026,1LFeJksjLa9t3O9NWS4Uv8XDlxm9Xej3A
1027,EP - 1027,13IoPRS63Sb4-PGTzxghrVPMatOFgQOdS
1028,EP - 1028,1Uwmem92z2XyfHTKD1fY5pg6WIVtIYImo
1029,EP - 1029,10q61ugm_kE226f7CaNL_FXz95wC94S7Q
1030,EP - 1030,1qLEDciNDOu8-EpQOF6xMd-0_4GUQ38Iq
1031,EP - 1031,19B5nNMLfsZxIEQir7iVraVWFF1RDbOOx
1032,EP - 1032,1VSKici4fXHCLflOahcRTZwFMoVetPqVd
1033,EP - 1033,1m4bZ-yoHr_R_UVEDnrk00yS_LMWdgDDf
1034,EP - 1034,1mY9DGHJPe7CLsylvQjlO526CDThj9uZ0
1035,EP - 1035,1pyeVhk4P1JKFA6R1c1GTUZiM0AkfoF3l
1036,EP - 1036,10hjtNEovs993mGgXjDQBwuhdGa7PG6bq
1037,EP - 1037,1oABZtkO8ARqGdslphlFQXJRINHyNkaqI
1038,EP - 1038,1G6xY4bCO6mHjMKsCvztyPxq6oo0Z1d3L
1039,EP - 1039,17uEJt6W5dqpFTH0kqooGfc6rSMdA3SyG
1040,EP - 1040,1-nQY46nXk6He2FgwAAzxrz7UlRtxhcJ8
1041,EP - 1041,1GhDvQ1pEXdxD4bEdykuTHU9P4vVN9Nbz
1042,EP - 1042,1uINHQpF2wut2af8OlfNbUqiMIv7CTblM
1043,EP - 1043,12-5Fi2W8GCJ6fNmSw_PUV17gNY9B68jQ
1044,EP - 1044,187-Y-g3-d51ttteVj1phROvlcmQUdjJp
1045,EP - 1045,1m81abYDOk9DGdihK2zB-nxkvBninU_Hu
1046,EP - 1046,1WkpdAsSrAUAeHDsHfx-bIWY4uHJNX_ky
1047,EP - 1047,1J7NNuBLkPrO4amFkoWVPehDFXESqd-Sv
1048,EP - 1048,1bmYFCVbfymlioU_J1AlwF8Y2EPG9rbkh
1049,EP - 1049,13rK6pPKsrqyNnrqoyu5yty_a6JM1WVyc
1050,EP - 1050,1Z3K-XdCoyt99mp0gvN2OBDJE9xHKtLM5
1051,EP - 1051,1_MKrARcU4idKnqrZdn6rVn0PA4fBSkgs
1052,EP - 1052,1Qaamzy7B955tgB8pQM-pperf8lZovLEx
1053,EP - 1053,1LJuWH6esTX-CwCQMQEadUElAr4SZFbPN
1054,EP - 1054,1ITedhOwAcONU0Nlsp7IYY3jZjuos1Stn
1055,EP - 1055,1cmDvf9ZuQc49ThoZrDvPISQ-mcf_AMda
1056,EP - 1056,1bb5vBrdx6u_8HRUb0ak7bM65_WksF39v
1057,EP - 1057,1qNHvVHx9_qXbRsjSQJAs2D2z3A_en2Lm
1058,EP - 1058,1f8Wg3aMhoEgyvIFYHUy7SBV2lExnnKew
1059,EP - 1059,1c6Q-XYQ2lQh6lyIV3E0g_ziyD01Nyvsw
1060,EP - 1060,1vgWeJyVk2e_1ZvPDxJQaBrtfA9PWDZsy
1061,EP - 1061,1D90POEcZo77fwxrLJtBrzjwE4_7My6nL
1062,EP - 1062,1Lc_x8zSmD9K32wCFI5dB1VVijfzcnQv5
1063,EP - 1063,1TEL90hp0vvlaznxrGe_mqKxB2koKEVKj
1064,EP - 1064,1Rk94HtBNx_y8mx8AhgyX0OBAWZGB3Os-
1065,EP - 1065,1_st5oRApzcG9xMC2A5zEOq-REwLdxd3F
1066,EP - 1066,1F22F0qr12vZxjmMAyCOL-xmtUIyEiVOD
1067,EP - 1067,15tZ5nv6QKLdPPVOtnffxcUohNwzCj1UA
1068,EP - 1068,17HAz_fr8gS_6qA2Z-1Vpv24sNn6Sy8K2
1069,EP - 1069,1R8v8_VRk3EK9YUnSrE_LTEI_P7dko_4u
1070,EP - 1070,12neBD7FUUrvurF6pJ2saMJ3PTykjFDAY
1071,EP - 1071,12-ErfDdBtLwafN7exGFxOpJrUNBaIi8b
1072,EP - 1072,1e3XeNguiNxgR_CNnBME2D_LTaZ0XbXip
1073,EP - 1073,1mqO5dR_uhiXhNgWDczIfAkIx2bCdVLpb
1074,EP - 1074,1OHkR_3-dYUctK0thVLaYLDDjeYXpMY45
1075,EP - 1075,1JEnSNtxk7Pref_Dutr6_lTzwbBtTa2zD
1076,EP - 1076,1pbS3dWvDVOpWdTCkUgtfBvP-qTb8dQQA
1077,EP - 1077,1Fzsg2uyrf5DksvaBd2DsbGWDOFMXaPwA
1078,EP - 1078,1-TIA8X5kmQuLc09cYLEPMmz5iE3vpho_
1079,EP - 1079,1oJs5P1dGAyf45olVxvYdkM8wGBf9qUTD
1080,EP - 1080,1gPNXjxd0M3-c_-4UgA-sap24hb121eno
1081,EP - 1081,1vodJlAsLJkXpQev7UONJGeN_RMZ74XLW
1082,EP - 1082,136JebMA3jEPE0LnzCLoaMaGlFOL9NGuW
1083,EP - 1083,153kaWr4O3dE4YZPtjqxe132MjX79nh0s
1084,EP - 1084,1PyaX24VLMqt2NrhIhgQRloXCoNxiDmun
1085,EP - 1085,170tBoQZnH5RFpECEyVY9ZRnxAiY9Snj-
1086,EP - 1086,1xltj3TklCSVrh9bDcjFvH_L6SyYueaY0
1087,EP - 1087,184D_KN8nggkdXzcR_yjXeCl1Ge0Nc6Da
1088,EP - 1088,1SkwwpJufYd59p3_BtbUO_omJBI0CrHhF
1089,EP - 1089,1z6FFTO4F2VWMRErUeDC_P6orih243iQ-
1090,EP - 1090,1me2zeY5FHzgQfofyG5l99l1l1fTGptk3
1091,EP - 1091,1vxr5NB6Fk7oPUtEvGvEfBWornLE3Uu6N
1092,EP - 1092,1XQ3tFgXg8HQqs5-ieNEY7111W0r9b0zb
1093,EP - 1093,1yVaYPSCfyiLXpiaRfCO_bQEBBit5sbt2
1094,EP - 1094,1ZJSnXE1kDwjqzt_YwRVeOkB7XTt0jchc
1095,EP - 1095,1UoyxmN5M3w6axdIzj7ovZHZulur8y103
1096,EP - 1096,1M9-cxsXO9W_7YVK0U0BVH4N1b3vBqjZa
1097,EP - 1097,1jXOEGgY0uBRjJGe4IOuR-qu9VBX_skvW
1098,EP - 1098,17E_KET8AkiwJMlowVUQSYli2GBaG0EtS
1099,EP - 1099,14RIZGf1EFNeV0BB0EA0m0w0Mg21DCPQk
1100,EP - 1100,1pRd7R4zr72ltyh1gVCCCyWEY9NKD6lCt
1101,EP - 1101,17Ub3x0mTkKQBr2r3KInd-cQvlkheYjOq
1102,EP - 1102,1COu_pXFpzvoxfjVteXL90MGgV36i0R9r
1103,EP - 1103,1PT2SJ_ekcRqZ6-xmWJpsjaHOWvs0Txvk
1104,EP - 1104,1YA-L3Wb62tOklsUTB5UUtbM1I3r-tuo3
1105,EP - 1105,1WghLnPzg3GWNLFVRG44LRvvDaXH9nDi9
1106,EP - 1106,1RRKDWt1E0gu78UhOMb4tyGZgYn5HlA73
1107,EP - 1107,1wh376eAqW2YXyD-2z6iOwPiMuX5ijlBD
1108,EP - 1108,1WHDEmScUF1cGlIPja1b47kr9w69LmW5d
1109,EP - 1109,1WQbPeACOxlFVmm7F-wLPDJwS36ZH7uen
1110,EP - 1110,1x104-27HegItpHvfkGItt9-4_DpPYB2H
1111,EP - 1111,1IIiyUuotU1Wtd3VfWe1q2Nt5hgAXVIei
1112,EP - 1112,1NCrg8B5mPCBQIYo6o1UGj1FjBVDDs5mf
1113,EP - 1113,1Ep-8cNyHAkG0YIIpM8Mkl9Fu0J1grK3x
1114,EP - 1114,1uK9PxYRlbrUGGaERPIytkXyGC0axpgNy
1115,EP - 1115,16xzf-EV1BzcrTmIg1HWYBJMyxZmEnHvd
1116,EP - 1116,1muO_kghA2CUHborm0MNoO1xStCS5nyQS
1117,EP - 1117,14EFA_8MHyYNwK5CL3oQIrUs52J0AxI8w